{
    "music.killcoin":{
        "sounds":[
            {
              "name": "my_sounds:music/killcoin"  
            }
        ]
    },
    "music.legendary":{
        "sounds":[
            {
              "name": "my_sounds:music/legendary"  
            }
        ]
    },
    "music.join":{
        "sounds":[
            {
              "name": "my_sounds:music/join"  
            }
        ]
    },
    "music.mythic":{
        "sounds":[
            {
              "name": "my_sounds:music/mythic"  
            }
        ]
    },
    "music.purchase":{
        "sounds":[
            {
              "name": "my_sounds:music/purchase"  
            }
        ]
    }
}