{"credit":"Made with Blockbench","texture_size":[64,64],"textures":{"0":"juicy_fruity:avocado_helmet","particle":"juicy_fruity:avocado_helmet"},"elements":[{"from":[13,7,2],"to":[16,13,14],"faces":{"north":{"uv":[7.5,10.75,8.25,12.25],"texture":"#0"},"east":{"uv":[0,6,3,7.5],"texture":"#0"},"south":{"uv":[8.25,10.75,9,12.25],"texture":"#0"},"west":{"uv":[6,0,9,1.5],"texture":"#0"},"up":{"uv":[9.75,5.5,9,2.5],"texture":"#0"},"down":{"uv":[9.75,7.25,9,10.25],"texture":"#0"}}},{"from":[2,10,2],"to":[14,15,14],"faces":{"north":{"uv":[6,8,9,9.25],"texture":"#0"},"east":{"uv":[8,6,11,7.25],"texture":"#0"},"south":{"uv":[9,0,12,1.25],"texture":"#0"},"west":{"uv":[9,1.25,12,2.5],"texture":"#0"},"up":{"uv":[3,3,0,0],"texture":"#0"},"down":{"uv":[3,3,0,6],"texture":"#0"}}},{"from":[4,15,4],"to":[12,16,12],"faces":{"north":{"uv":[9,5.5,11,5.75],"texture":"#0"},"east":{"uv":[9,5.75,11,6],"texture":"#0"},"south":{"uv":[11.5,11.75,13.5,12],"texture":"#0"},"west":{"uv":[11.75,11.5,13.75,11.75],"texture":"#0"},"up":{"uv":[8,8,6,6],"texture":"#0"},"down":{"uv":[2,7.5,0,9.5],"texture":"#0"}}},{"from":[0,7,2],"to":[3,13,14],"faces":{"north":{"uv":[0,11,0.75,12.5],"texture":"#0"},"east":{"uv":[6,1.5,9,3],"texture":"#0"},"south":{"uv":[0.75,11,1.5,12.5],"texture":"#0"},"west":{"uv":[3,6,6,7.5],"texture":"#0"},"up":{"uv":[6.75,12.25,6,9.25],"texture":"#0"},"down":{"uv":[7.5,9.25,6.75,12.25],"texture":"#0"}}},{"from":[0,1,8],"to":[3,7,14],"faces":{"north":{"uv":[1.5,11,2.25,12.5],"texture":"#0"},"east":{"uv":[7.5,9.25,9,10.75],"texture":"#0"},"south":{"uv":[2.25,11,3,12.5],"texture":"#0"},"west":{"uv":[0,9.5,1.5,11],"texture":"#0"},"up":{"uv":[3.75,12.5,3,11],"texture":"#0"},"down":{"uv":[4.5,11,3.75,12.5],"texture":"#0"}}},{"from":[-1,3,8],"to":[0,7,12],"faces":{"north":{"uv":[6.25,12.25,6.5,13.25],"texture":"#0"},"east":{"uv":[11.75,8.5,12.75,9.5],"texture":"#0"},"south":{"uv":[6.5,12.25,6.75,13.25],"texture":"#0"},"west":{"uv":[11.75,9.5,12.75,10.5],"texture":"#0"},"up":{"uv":[7,13.25,6.75,12.25],"texture":"#0"},"down":{"uv":[7.25,12.25,7,13.25],"texture":"#0"}}},{"from":[-1,7,4],"to":[0,11,12],"faces":{"north":{"uv":[7.25,12.25,7.5,13.25],"texture":"#0"},"east":{"uv":[9.75,7.25,11.75,8.25],"texture":"#0"},"south":{"uv":[7.5,12.25,7.75,13.25],"texture":"#0"},"west":{"uv":[9.75,8.25,11.75,9.25],"texture":"#0"},"up":{"uv":[12.25,2,12,0],"texture":"#0"},"down":{"uv":[11.75,12,11.5,14],"texture":"#0"}}},{"from":[16,7,4],"to":[17,11,12],"rotation":{"angle":0,"axis":"y","origin":[16,0,0]},"faces":{"north":{"uv":[7.75,12.25,8,13.25],"texture":"#0"},"east":{"uv":[9.75,9.25,11.75,10.25],"texture":"#0"},"south":{"uv":[8,12.25,8.25,13.25],"texture":"#0"},"west":{"uv":[9,10.25,11,11.25],"texture":"#0"},"up":{"uv":[12,14,11.75,12],"texture":"#0"},"down":{"uv":[12.25,12,12,14],"texture":"#0"}}},{"from":[16,3,8],"to":[17,7,12],"rotation":{"angle":0,"axis":"y","origin":[16,0,0]},"faces":{"north":{"uv":[8.25,12.25,8.5,13.25],"texture":"#0"},"east":{"uv":[10.5,11.75,11.5,12.75],"texture":"#0"},"south":{"uv":[8.5,12.25,8.75,13.25],"texture":"#0"},"west":{"uv":[11.75,10.5,12.75,11.5],"texture":"#0"},"up":{"uv":[9,13.25,8.75,12.25],"texture":"#0"},"down":{"uv":[12.5,12,12.25,13],"texture":"#0"}}},{"from":[13,1,8],"to":[16,7,14],"faces":{"north":{"uv":[11,5.5,11.75,7],"texture":"#0"},"east":{"uv":[1.5,9.5,3,11],"texture":"#0"},"south":{"uv":[11,10.25,11.75,11.75],"texture":"#0"},"west":{"uv":[3,9.5,4.5,11],"texture":"#0"},"up":{"uv":[9.75,12.75,9,11.25],"texture":"#0"},"down":{"uv":[10.5,11.25,9.75,12.75],"texture":"#0"}}},{"from":[2,1,13],"to":[14,13,16],"faces":{"north":{"uv":[3,0,6,3],"texture":"#0"},"east":{"uv":[4.5,9.5,5.25,12.5],"texture":"#0"},"south":{"uv":[3,3,6,6],"texture":"#0"},"west":{"uv":[5.25,9.5,6,12.5],"texture":"#0"},"up":{"uv":[12.75,3.25,9.75,2.5],"texture":"#0"},"down":{"uv":[12.75,3.25,9.75,4],"texture":"#0"}}},{"from":[4,3,16],"to":[12,11,17],"faces":{"north":{"uv":[2,7.5,4,9.5],"texture":"#0"},"east":{"uv":[12.25,0,12.5,2],"texture":"#0"},"south":{"uv":[4,7.5,6,9.5],"texture":"#0"},"west":{"uv":[6,12.25,6.25,14.25],"texture":"#0"},"up":{"uv":[14,2.25,12,2],"texture":"#0"},"down":{"uv":[14,2.25,12,2.5],"texture":"#0"}}},{"from":[2,7,0],"to":[14,13,3],"faces":{"north":{"uv":[6,3,9,4.5],"texture":"#0"},"east":{"uv":[11.75,5.5,12.5,7],"texture":"#0"},"south":{"uv":[6,4.5,9,6],"texture":"#0"},"west":{"uv":[11.75,7,12.5,8.5],"texture":"#0"},"up":{"uv":[12.75,4.75,9.75,4],"texture":"#0"},"down":{"uv":[12.75,4.75,9.75,5.5],"texture":"#0"}}}],"gui_light":"front","display":{"thirdperson_righthand":{"rotation":[60,18,0],"translation":[-0.75,3.75,0],"scale":[0.5,0.5,0.5]},"thirdperson_lefthand":{"rotation":[60,18,0],"translation":[-0.75,3.75,0],"scale":[0.5,0.5,0.5]},"firstperson_righthand":{"rotation":[-9,117,0],"translation":[8,0.5,-13.25],"scale":[1.15039,1.15039,1.15039]},"firstperson_lefthand":{"rotation":[-9,117,0],"translation":[8,0.5,-13.25],"scale":[1.15039,1.15039,1.15039]},"ground":{"translation":[0,4.25,0],"scale":[0.68164,0.68164,0.68164]},"gui":{"rotation":[12,145,0],"translation":[0,-1.5,0],"scale":[0.70312,0.70312,0.70312]},"head":{"translation":[0,1.75,-0.5],"scale":[1.20508,1.20508,1.20508]},"fixed":{"rotation":[-84,0,0],"translation":[0,1.25,-15],"scale":[1.63672,1.63672,1.63672]}}}