{
	"credit": "Made with Blockbench",
	"textures": {
		"0": "juicy_fruity:avocado_shield",
		"particle": "juicy_fruity:avocado_shield"
	},
	"elements": [
		{
			"from": [5, 0, 7],
			"to": [11, 1, 9],
			"faces": {
				"north": {"uv": [11.2, 1.6, 13.6, 2], "texture": "#0"},
				"east": {"uv": [4.4, 12, 5.2, 12.4], "texture": "#0"},
				"south": {"uv": [11.2, 2, 13.6, 2.4], "texture": "#0"},
				"west": {"uv": [12, 4.8, 12.8, 5.2], "texture": "#0"},
				"up": {"uv": [10.4, 8.8, 8, 8], "texture": "#0"},
				"down": {"uv": [11.2, 0, 8.8, 0.8], "texture": "#0"}
			}
		},
		{
			"from": [5, 17, 7],
			"to": [11, 19, 9],
			"faces": {
				"north": {"uv": [8.8, 0.8, 11.2, 1.6], "texture": "#0"},
				"east": {"uv": [11.2, 2.4, 12, 3.2], "texture": "#0"},
				"south": {"uv": [8.8, 1.6, 11.2, 2.4], "texture": "#0"},
				"west": {"uv": [11.2, 3.2, 12, 4], "texture": "#0"},
				"up": {"uv": [5.6, 9.6, 3.2, 8.8], "texture": "#0"},
				"down": {"uv": [10.4, 8.8, 8, 9.6], "texture": "#0"}
			}
		},
		{
			"from": [6, 19, 7],
			"to": [10, 20, 9],
			"faces": {
				"north": {"uv": [11.2, 9.6, 12.8, 10], "texture": "#0"},
				"east": {"uv": [12, 5.2, 12.8, 5.6], "texture": "#0"},
				"south": {"uv": [11.2, 10, 12.8, 10.4], "texture": "#0"},
				"west": {"uv": [12, 5.6, 12.8, 6], "texture": "#0"},
				"up": {"uv": [12, 4.8, 10.4, 4], "texture": "#0"},
				"down": {"uv": [12, 8.8, 10.4, 9.6], "texture": "#0"}
			}
		},
		{
			"from": [4, 11, 7],
			"to": [12, 17, 9],
			"faces": {
				"north": {"uv": [4, 0, 7.2, 2.4], "texture": "#0"},
				"east": {"uv": [5.6, 8.8, 6.4, 11.2], "texture": "#0"},
				"south": {"uv": [4, 2.4, 7.2, 4.8], "texture": "#0"},
				"west": {"uv": [3.2, 9.6, 4, 12], "texture": "#0"},
				"up": {"uv": [10.4, 4.8, 7.2, 4], "texture": "#0"},
				"down": {"uv": [6.4, 8, 3.2, 8.8], "texture": "#0"}
			}
		},
		{
			"from": [3, 1, 7],
			"to": [13, 11, 9],
			"faces": {
				"north": {"uv": [0, 0, 4, 4], "texture": "#0"},
				"east": {"uv": [6.4, 7.2, 7.2, 11.2], "texture": "#0"},
				"south": {"uv": [0, 4, 4, 8], "texture": "#0"},
				"west": {"uv": [7.2, 7.2, 8, 11.2], "texture": "#0"},
				"up": {"uv": [11.2, 3.2, 7.2, 2.4], "texture": "#0"},
				"down": {"uv": [11.2, 3.2, 7.2, 4], "texture": "#0"}
			}
		},
		{
			"from": [7, 13, 9],
			"to": [9, 15, 11],
			"faces": {
				"north": {"uv": [6.8, 11.2, 7.6, 12], "texture": "#0"},
				"east": {"uv": [10.4, 11.2, 11.2, 12], "texture": "#0"},
				"south": {"uv": [11.2, 10.4, 12, 11.2], "texture": "#0"},
				"west": {"uv": [11.2, 11.2, 12, 12], "texture": "#0"},
				"up": {"uv": [12.4, 7.2, 11.6, 6.4], "texture": "#0"},
				"down": {"uv": [12.4, 7.2, 11.6, 8], "texture": "#0"}
			}
		},
		{
			"from": [7, 5, 9],
			"to": [9, 7, 11],
			"faces": {
				"north": {"uv": [11.6, 8, 12.4, 8.8], "texture": "#0"},
				"east": {"uv": [0, 12, 0.8, 12.8], "texture": "#0"},
				"south": {"uv": [0.8, 12, 1.6, 12.8], "texture": "#0"},
				"west": {"uv": [1.6, 12, 2.4, 12.8], "texture": "#0"},
				"up": {"uv": [3.2, 12.8, 2.4, 12], "texture": "#0"},
				"down": {"uv": [12.8, 2.4, 12, 3.2], "texture": "#0"}
			}
		},
		{
			"from": [7, 5, 11],
			"to": [9, 15, 13],
			"faces": {
				"north": {"uv": [0, 8, 0.8, 12], "texture": "#0"},
				"east": {"uv": [0.8, 8, 1.6, 12], "texture": "#0"},
				"south": {"uv": [1.6, 8, 2.4, 12], "texture": "#0"},
				"west": {"uv": [2.4, 8, 3.2, 12], "texture": "#0"},
				"up": {"uv": [4, 12.8, 3.2, 12], "texture": "#0"},
				"down": {"uv": [12.8, 3.2, 12, 4], "texture": "#0"}
			}
		},
		{
			"from": [5, 4, 5],
			"to": [11, 8, 7],
			"faces": {
				"north": {"uv": [4, 4.8, 6.4, 6.4], "texture": "#0"},
				"east": {"uv": [9.6, 6.4, 10.4, 8], "texture": "#0"},
				"south": {"uv": [4, 6.4, 6.4, 8], "texture": "#0"},
				"west": {"uv": [10.4, 9.6, 11.2, 11.2], "texture": "#0"},
				"up": {"uv": [12, 5.6, 9.6, 4.8], "texture": "#0"},
				"down": {"uv": [12, 5.6, 9.6, 6.4], "texture": "#0"}
			}
		},
		{
			"from": [6, 4, 4],
			"to": [10, 8, 5],
			"faces": {
				"north": {"uv": [8, 4.8, 9.6, 6.4], "texture": "#0"},
				"east": {"uv": [7.6, 11.2, 8, 12.8], "texture": "#0"},
				"south": {"uv": [8, 6.4, 9.6, 8], "texture": "#0"},
				"west": {"uv": [4, 12, 4.4, 13.6], "texture": "#0"},
				"up": {"uv": [13.6, 4.4, 12, 4], "texture": "#0"},
				"down": {"uv": [13.6, 4.4, 12, 4.8], "texture": "#0"}
			}
		},
		{
			"from": [6, 3, 5],
			"to": [10, 9, 7],
			"faces": {
				"north": {"uv": [6.4, 4.8, 8, 7.2], "texture": "#0"},
				"east": {"uv": [4, 9.6, 4.8, 12], "texture": "#0"},
				"south": {"uv": [7.2, 0, 8.8, 2.4], "texture": "#0"},
				"west": {"uv": [4.8, 9.6, 5.6, 12], "texture": "#0"},
				"up": {"uv": [12.8, 0.8, 11.2, 0], "texture": "#0"},
				"down": {"uv": [12.8, 0.8, 11.2, 1.6], "texture": "#0"}
			}
		},
		{
			"from": [13, 3, 7],
			"to": [14, 9, 9],
			"faces": {
				"north": {"uv": [5.6, 11.2, 6, 13.6], "texture": "#0"},
				"east": {"uv": [8, 9.6, 8.8, 12], "texture": "#0"},
				"south": {"uv": [6, 11.2, 6.4, 13.6], "texture": "#0"},
				"west": {"uv": [8.8, 9.6, 9.6, 12], "texture": "#0"},
				"up": {"uv": [5.6, 12.8, 5.2, 12], "texture": "#0"},
				"down": {"uv": [7.2, 12, 6.8, 12.8], "texture": "#0"}
			}
		},
		{
			"from": [2, 3, 7],
			"to": [3, 9, 9],
			"rotation": {"angle": 0, "axis": "y", "origin": [16, 0, 0]},
			"faces": {
				"north": {"uv": [6.4, 11.2, 6.8, 13.6], "texture": "#0"},
				"east": {"uv": [9.6, 9.6, 10.4, 12], "texture": "#0"},
				"south": {"uv": [11.2, 6.4, 11.6, 8.8], "texture": "#0"},
				"west": {"uv": [10.4, 6.4, 11.2, 8.8], "texture": "#0"},
				"up": {"uv": [7.6, 12.8, 7.2, 12], "texture": "#0"},
				"down": {"uv": [8.4, 12, 8, 12.8], "texture": "#0"}
			}
		}
	],
	"gui_light": "front",
	"display": {
		"thirdperson_righthand": {
			"rotation": [54.47, -38.43, -7.92],
			"translation": [2.75, 0.75, -3.5]
		},
		"thirdperson_lefthand": {
			"rotation": [54.47, -38.43, -7.92],
			"translation": [2.75, 0.75, -3.5]
		},
		"firstperson_righthand": {
			"rotation": [0, 13.25, 11.75],
			"translation": [-3, -0.25, -1.75]
		},
		"firstperson_lefthand": {
			"rotation": [0, 13.25, 11.75],
			"translation": [-3, -0.25, -1.75]
		},
		"ground": {
			"rotation": [72, 0, 0],
			"translation": [0, 0, -1.25],
			"scale": [0.78125, 0.78125, 0.78125]
		},
		"gui": {
			"rotation": [0, 153, 0],
			"translation": [0, -1.5, 0],
			"scale": [0.74805, 0.74805, 0.74805]
		},
		"head": {
			"scale": [0, 0, 0]
		},
		"fixed": {
			"translation": [0, -1, -7.5],
			"scale": [2.16797, 2.16797, 2.16797]
		}
	},
	"groups": [
		{
			"name": "AVBC35~1",
			"origin": [8, 8, 8],
			"color": 0,
			"boneType": "",
			"children": [
				{
					"name": "group",
					"origin": [16, 0, 0],
					"color": 0,
					"boneType": "",
					"children": [0, 1, 2, 3, 4, 5, 6, 7, 8, 9, 10, 11, 12]
				}
			]
		}
	]
}