{"credit":"Made with Blockbench","texture_size":[40,40],"textures":{"1":"juicy_fruity:grape_pistol"},"elements":[{"from":[5.5,8.16407,-2.25],"to":[10.5,13.16407,-1.25],"rotation":{"angle":0,"axis":"y","origin":[8,8.35875,8.5]},"faces":{"north":{"uv":[0,4,2,6],"texture":"#1"},"east":{"uv":[8,11.2,8.4,13.2],"texture":"#1"},"south":{"uv":[4.8,0,6.8,2],"texture":"#1"},"west":{"uv":[8.4,11.2,8.8,13.2],"texture":"#1"},"up":{"uv":[10.8,12,8.8,11.6],"texture":"#1"},"down":{"uv":[13.6,8.8,11.6,9.2],"texture":"#1"}}},{"from":[6,8.66407,-1.25],"to":[10,12.66407,1.75],"rotation":{"angle":0,"axis":"y","origin":[8,8.35875,8.5]},"faces":{"north":{"uv":[4.8,8,6.4,9.6],"texture":"#1"},"east":{"uv":[8,9.6,9.2,11.2],"texture":"#1"},"south":{"uv":[8,4.8,9.6,6.4],"texture":"#1"},"west":{"uv":[9.2,9.6,10.4,11.2],"texture":"#1"},"up":{"uv":[12,7.6,10.4,6.4],"texture":"#1"},"down":{"uv":[12,7.6,10.4,8.8],"texture":"#1"}}},{"from":[6,8.66407,5.75],"to":[10,12.66407,9.75],"rotation":{"angle":0,"axis":"y","origin":[8,8.35875,8.5]},"faces":{"north":{"uv":[6.4,8,8,9.6],"texture":"#1"},"east":{"uv":[8,6.4,9.6,8],"texture":"#1"},"south":{"uv":[8,8,9.6,9.6],"texture":"#1"},"west":{"uv":[9.2,0,10.8,1.6],"texture":"#1"},"up":{"uv":[10.8,3.2,9.2,1.6],"texture":"#1"},"down":{"uv":[10.8,3.2,9.2,4.8],"texture":"#1"}}},{"from":[5,7.02655,11.84241],"to":[11,11.02655,15.84241],"rotation":{"angle":-45,"axis":"x","origin":[8,8.35875,8.5]},"faces":{"north":{"uv":[6.8,0,9.2,1.6],"texture":"#1"},"east":{"uv":[0,9.6,1.6,11.2],"texture":"#1"},"south":{"uv":[6.8,1.6,9.2,3.2],"texture":"#1"},"west":{"uv":[4.8,9.6,6.4,11.2],"texture":"#1"},"up":{"uv":[9.2,4.8,6.8,3.2],"texture":"#1"},"down":{"uv":[2.4,8,0,9.6],"texture":"#1"}}},{"from":[6,8.66407,16.75],"to":[10,12.66407,18.75],"rotation":{"angle":0,"axis":"y","origin":[8,8.35875,8.5]},"faces":{"north":{"uv":[9.6,4.8,11.2,6.4],"texture":"#1"},"east":{"uv":[2,4,2.8,5.6],"texture":"#1"},"south":{"uv":[6.4,9.6,8,11.2],"texture":"#1"},"west":{"uv":[0,11.2,0.8,12.8],"texture":"#1"},"up":{"uv":[12.8,5.2,11.2,4.4],"texture":"#1"},"down":{"uv":[6.4,11.2,4.8,12],"texture":"#1"}}},{"from":[9,11.66407,16],"to":[11,13.66407,18],"rotation":{"angle":0,"axis":"y","origin":[8,8.35875,8.5]},"faces":{"north":{"uv":[11.6,11.6,12.4,12.4],"texture":"#1"},"east":{"uv":[12,1.2,12.8,2],"texture":"#1"},"south":{"uv":[12,2,12.8,2.8],"texture":"#1"},"west":{"uv":[2.4,12,3.2,12.8],"texture":"#1"},"up":{"uv":[12.8,3.6,12,2.8],"texture":"#1"},"down":{"uv":[4,12,3.2,12.8],"texture":"#1"}}},{"from":[8.75,12.16407,14.25],"to":[10.75,14.16407,16.25],"rotation":{"angle":0,"axis":"y","origin":[8,8.35875,8.5]},"faces":{"north":{"uv":[12,3.6,12.8,4.4],"texture":"#1"},"east":{"uv":[4,12,4.8,12.8],"texture":"#1"},"south":{"uv":[4.8,12,5.6,12.8],"texture":"#1"},"west":{"uv":[12,5.2,12.8,6],"texture":"#1"},"up":{"uv":[6.4,12.8,5.6,12],"texture":"#1"},"down":{"uv":[12.8,6,12,6.8],"texture":"#1"}}},{"from":[8.75,9.66351,9.26646],"to":[10.75,11.66351,11.26646],"rotation":{"angle":-22.5,"axis":"x","origin":[8,8.35875,8.5]},"faces":{"north":{"uv":[12,6.8,12.8,7.6],"texture":"#1"},"east":{"uv":[12,7.6,12.8,8.4],"texture":"#1"},"south":{"uv":[8.8,12,9.6,12.8],"texture":"#1"},"west":{"uv":[9.6,12,10.4,12.8],"texture":"#1"},"up":{"uv":[12.8,11.2,12,10.4],"texture":"#1"},"down":{"uv":[13.2,0,12.4,0.8],"texture":"#1"}}},{"from":[5.25,9.66351,9.26646],"to":[7.25,11.66351,11.26646],"rotation":{"angle":-22.5,"axis":"x","origin":[8,8.35875,8.5]},"faces":{"north":{"uv":[0.8,12.4,1.6,13.2],"texture":"#1"},"east":{"uv":[1.6,12.4,2.4,13.2],"texture":"#1"},"south":{"uv":[12.4,9.2,13.2,10],"texture":"#1"},"west":{"uv":[12.4,11.2,13.2,12],"texture":"#1"},"up":{"uv":[12.4,13.2,11.6,12.4],"texture":"#1"},"down":{"uv":[13.2,12,12.4,12.8],"texture":"#1"}}},{"from":[7,11.16407,17.75],"to":[9,13.16407,19.75],"rotation":{"angle":0,"axis":"y","origin":[8,8.35875,8.5]},"faces":{"north":{"uv":[0,12.8,0.8,13.6],"texture":"#1"},"east":{"uv":[12.8,0.8,13.6,1.6],"texture":"#1"},"south":{"uv":[12.8,1.6,13.6,2.4],"texture":"#1"},"west":{"uv":[2.4,12.8,3.2,13.6],"texture":"#1"},"up":{"uv":[13.6,3.2,12.8,2.4],"texture":"#1"},"down":{"uv":[4,12.8,3.2,13.6],"texture":"#1"}}},{"from":[9,11.41407,17.75],"to":[10.5,12.91407,19.25],"rotation":{"angle":0,"axis":"y","origin":[8,8.35875,8.5]},"faces":{"north":{"uv":[13.2,0,13.8,0.6],"texture":"#1"},"east":{"uv":[0.8,13.2,1.4,13.8],"texture":"#1"},"south":{"uv":[1.6,13.2,2.2,13.8],"texture":"#1"},"west":{"uv":[8,13.2,8.6,13.8],"texture":"#1"},"up":{"uv":[9.4,13.8,8.8,13.2],"texture":"#1"},"down":{"uv":[13.8,9.2,13.2,9.8],"texture":"#1"}}},{"from":[9.25,10.16407,16.25],"to":[10.75,11.66407,17.75],"rotation":{"angle":0,"axis":"y","origin":[8,8.35875,8.5]},"faces":{"north":{"uv":[9.6,13.2,10.2,13.8],"texture":"#1"},"east":{"uv":[11.2,13.2,11.8,13.8],"texture":"#1"},"south":{"uv":[13.2,11.2,13.8,11.8],"texture":"#1"},"west":{"uv":[12,13.2,12.6,13.8],"texture":"#1"},"up":{"uv":[13.8,12.6,13.2,12],"texture":"#1"},"down":{"uv":[13.4,13.2,12.8,13.8],"texture":"#1"}}},{"from":[5.25,10.16407,16.25],"to":[6.75,11.66407,17.75],"rotation":{"angle":0,"axis":"y","origin":[8,8.35875,8.5]},"faces":{"north":{"uv":[0,13.6,0.6,14.2],"texture":"#1"},"east":{"uv":[13.6,0.8,14.2,1.4],"texture":"#1"},"south":{"uv":[13.6,1.6,14.2,2.2],"texture":"#1"},"west":{"uv":[2.4,13.6,3,14.2],"texture":"#1"},"up":{"uv":[14.2,3,13.6,2.4],"texture":"#1"},"down":{"uv":[3.8,13.6,3.2,14.2],"texture":"#1"}}},{"from":[5,11.66407,16],"to":[7,13.66407,18],"rotation":{"angle":0,"axis":"y","origin":[8,8.35875,8.5]},"faces":{"north":{"uv":[12.8,3.2,13.6,4],"texture":"#1"},"east":{"uv":[4,12.8,4.8,13.6],"texture":"#1"},"south":{"uv":[12.8,4,13.6,4.8],"texture":"#1"},"west":{"uv":[4.8,12.8,5.6,13.6],"texture":"#1"},"up":{"uv":[13.6,5.6,12.8,4.8],"texture":"#1"},"down":{"uv":[6.4,12.8,5.6,13.6],"texture":"#1"}}},{"from":[5.25,12.16407,14.25],"to":[7.25,14.16407,16.25],"rotation":{"angle":0,"axis":"y","origin":[8,8.35875,8.5]},"faces":{"north":{"uv":[12.8,5.6,13.6,6.4],"texture":"#1"},"east":{"uv":[6.4,12.8,7.2,13.6],"texture":"#1"},"south":{"uv":[12.8,6.4,13.6,7.2],"texture":"#1"},"west":{"uv":[7.2,12.8,8,13.6],"texture":"#1"},"up":{"uv":[13.6,8,12.8,7.2],"texture":"#1"},"down":{"uv":[13.6,8,12.8,8.8],"texture":"#1"}}},{"from":[5.5,11.41407,17.75],"to":[7,12.91407,19.25],"rotation":{"angle":0,"axis":"y","origin":[8,8.35875,8.5]},"faces":{"north":{"uv":[13.6,3.2,14.2,3.8],"texture":"#1"},"east":{"uv":[4,13.6,4.6,14.2],"texture":"#1"},"south":{"uv":[13.6,4,14.2,4.6],"texture":"#1"},"west":{"uv":[4.8,13.6,5.4,14.2],"texture":"#1"},"up":{"uv":[14.2,5.4,13.6,4.8],"texture":"#1"},"down":{"uv":[6.2,13.6,5.6,14.2],"texture":"#1"}}},{"from":[7,0.24906,12.39109],"to":[9,7.24906,15.39109],"rotation":{"angle":-22.5,"axis":"x","origin":[8,8.35875,8.5]},"faces":{"north":{"uv":[1.6,9.6,2.4,12.4],"texture":"#1"},"east":{"uv":[2.4,7.6,3.6,10.4],"texture":"#1"},"south":{"uv":[9.6,6.4,10.4,9.2],"texture":"#1"},"west":{"uv":[3.6,8,4.8,10.8],"texture":"#1"},"up":{"uv":[1.6,12.4,0.8,11.2],"texture":"#1"},"down":{"uv":[12,5.2,11.2,6.4],"texture":"#1"}}},{"from":[7.25,5.47692,10.78179],"to":[8.75,6.47692,14.78179],"rotation":{"angle":0,"axis":"y","origin":[8,8.35875,8.5]},"faces":{"north":{"uv":[4,5.6,4.6,6],"texture":"#1"},"east":{"uv":[8.8,11.2,10.4,11.6],"texture":"#1"},"south":{"uv":[9.6,9.2,10.2,9.6],"texture":"#1"},"west":{"uv":[12.4,10,14,10.4],"texture":"#1"},"up":{"uv":[7,12.8,6.4,11.2],"texture":"#1"},"down":{"uv":[7.8,11.2,7.2,12.8],"texture":"#1"}}},{"from":[7.25,5.47692,9.78179],"to":[8.75,8.47692,10.78179],"rotation":{"angle":0,"axis":"y","origin":[8,8.35875,8.5]},"faces":{"north":{"uv":[11.6,9.2,12.2,10.4],"texture":"#1"},"east":{"uv":[10.4,12,10.8,13.2],"texture":"#1"},"south":{"uv":[10.8,11.6,11.4,12.8],"texture":"#1"},"west":{"uv":[10.8,12.8,11.2,14],"texture":"#1"},"up":{"uv":[12.6,8.8,12,8.4],"texture":"#1"},"down":{"uv":[14.2,5.6,13.6,6],"texture":"#1"}}},{"from":[6.5,-0.75094,11.89109],"to":[9.5,0.24906,15.89109],"rotation":{"angle":-22.5,"axis":"x","origin":[8,8.35875,8.5]},"faces":{"north":{"uv":[12.8,10.8,14,11.2],"texture":"#1"},"east":{"uv":[8.8,12.8,10.4,13.2],"texture":"#1"},"south":{"uv":[12.4,12.8,13.6,13.2],"texture":"#1"},"west":{"uv":[12.8,10.4,14.4,10.8],"texture":"#1"},"up":{"uv":[3.6,12,2.4,10.4],"texture":"#1"},"down":{"uv":[11.6,8.8,10.4,10.4],"texture":"#1"}}},{"from":[5.5,8.16407,9.75],"to":[10.5,13.16407,16.75],"rotation":{"angle":0,"axis":"y","origin":[8,8.35875,8.5]},"faces":{"north":{"uv":[4.8,2,6.8,4],"texture":"#1"},"east":{"uv":[0,0,2.8,2],"texture":"#1"},"south":{"uv":[4.8,4,6.8,6],"texture":"#1"},"west":{"uv":[0,2,2.8,4],"texture":"#1"},"up":{"uv":[4.8,2.8,2.8,0],"texture":"#1"},"down":{"uv":[4.8,2.8,2.8,5.6],"texture":"#1"}}},{"from":[6.5,9.16407,1.75],"to":[9.5,12.16407,5.75],"rotation":{"angle":0,"axis":"y","origin":[8,8.35875,8.5]},"faces":{"north":{"uv":[6.8,4.8,8,6],"texture":"#1"},"east":{"uv":[10.4,10.4,12,11.6],"texture":"#1"},"south":{"uv":[3.6,10.8,4.8,12],"texture":"#1"},"west":{"uv":[10.8,0,12.4,1.2],"texture":"#1"},"up":{"uv":[12,2.8,10.8,1.2],"texture":"#1"},"down":{"uv":[12,2.8,10.8,4.4],"texture":"#1"}}},{"from":[7.58312,11.75,14.22939],"to":[7.58312,16.75,19.22939],"rotation":{"angle":-22.5,"axis":"y","origin":[8,8.35875,8.5]},"faces":{"north":{"uv":[0,0,0,2],"texture":"#1"},"east":{"uv":[2,5.6,4,7.6],"texture":"#1"},"south":{"uv":[0,0,0,2],"texture":"#1"},"west":{"uv":[0,6,2,8],"texture":"#1"},"up":{"uv":[0,2,0,0],"texture":"#1"},"down":{"uv":[0,0,0,2],"texture":"#1"}}},{"from":[8.41688,11.75,14.22939],"to":[8.41688,16.75,19.22939],"rotation":{"angle":22.5,"axis":"y","origin":[8,8.35875,8.5]},"faces":{"north":{"uv":[0,0,0,2],"texture":"#1"},"east":{"uv":[4,6,6,8],"texture":"#1"},"south":{"uv":[0,0,0,2],"texture":"#1"},"west":{"uv":[6,6,8,8],"texture":"#1"},"up":{"uv":[0,2,0,0],"texture":"#1"},"down":{"uv":[0,0,0,2],"texture":"#1"}}}],"gui_light":"front","display":{"thirdperson_righthand":{"rotation":[2.91,64.17,37.4],"translation":[-4.5,0.25,0.5],"scale":[0.75,0.75,0.75]},"thirdperson_lefthand":{"rotation":[2.91,64.17,37.4],"translation":[-4.5,0.25,0.5],"scale":[0.75,0.75,0.75]},"firstperson_righthand":{"rotation":[-17.5,52.79,17.63],"translation":[-10.5,-12.5,-15.5],"scale":[1.76172,1.76563,1.76172]},"firstperson_lefthand":{"rotation":[-17.5,52.79,17.63],"translation":[-10.5,-12.5,-15.5],"scale":[1.76172,1.76563,1.76172]},"ground":{"rotation":[0,0,-75],"translation":[-2,0,0],"scale":[0.69531,0.69531,0.69531]},"gui":{"rotation":[9,109,0],"translation":[-0.25,-1.5,0],"scale":[0.67578,0.67578,0.67578]},"head":{"scale":[0,0,0]},"fixed":{"rotation":[0,90,0],"translation":[1.25,-3.75,-1.75],"scale":[1.88868,1.88868,1.88868]}}}