{"credit":"Made with Blockbench","texture_size":[32,32],"textures":{"2":"juicy_fruity:orange_dagger","particle":"juicy_fruity:orange_dagger"},"elements":[{"from":[7,0,7],"to":[9,7,9],"rotation":{"angle":0,"axis":"y","origin":[7.5,0.5,0.5]},"faces":{"north":{"uv":[6,4,7,7.5],"texture":"#2"},"east":{"uv":[2,7,3,10.5],"texture":"#2"},"south":{"uv":[3,7,4,10.5],"texture":"#2"},"west":{"uv":[7,4,8,7.5],"texture":"#2"},"up":{"uv":[11,3.5,10,2.5],"texture":"#2"},"down":{"uv":[11,3.5,10,4.5],"texture":"#2"}}},{"from":[7,6.5,11],"to":[9,8.5,13],"rotation":{"angle":-45,"axis":"x","origin":[8,3.5,8]},"faces":{"north":{"uv":[10,9.5,11,10.5],"texture":"#2"},"east":{"uv":[0,10.5,1,11.5],"texture":"#2"},"south":{"uv":[1,10.5,2,11.5],"texture":"#2"},"west":{"uv":[2,10.5,3,11.5],"texture":"#2"},"up":{"uv":[4,11.5,3,10.5],"texture":"#2"},"down":{"uv":[11,10.5,10,11.5],"texture":"#2"}}},{"from":[7,-1.5,3],"to":[9,0.5,5],"rotation":{"angle":-45,"axis":"x","origin":[8,3.5,8]},"faces":{"north":{"uv":[11,2.5,12,3.5],"texture":"#2"},"east":{"uv":[11,3.5,12,4.5],"texture":"#2"},"south":{"uv":[11,6,12,7],"texture":"#2"},"west":{"uv":[11,7,12,8],"texture":"#2"},"up":{"uv":[12,9,11,8],"texture":"#2"},"down":{"uv":[12,9,11,10],"texture":"#2"}}},{"from":[8,9.27817,8.65685],"to":[8,13.27817,12.65685],"rotation":{"angle":22.5,"axis":"y","origin":[8,9.15685,8.53553]},"faces":{"north":{"uv":[0,0,0,2],"texture":"#2"},"east":{"uv":[2,5,4,7],"texture":"#2"},"south":{"uv":[0,0,0,2],"texture":"#2"},"west":{"uv":[4,5.5,6,7.5],"texture":"#2"},"up":{"uv":[0,2,0,0],"texture":"#2"},"down":{"uv":[0,0,0,2],"texture":"#2"}}},{"from":[8,9.27817,8.65685],"to":[8,13.27817,12.65685],"rotation":{"angle":-22.5,"axis":"y","origin":[8,9.15685,8.53553]},"faces":{"north":{"uv":[0,0,0,2],"texture":"#2"},"east":{"uv":[6,0,8,2],"texture":"#2"},"south":{"uv":[0,0,0,2],"texture":"#2"},"west":{"uv":[6,2,8,4],"texture":"#2"},"up":{"uv":[0,2,0,0],"texture":"#2"},"down":{"uv":[0,0,0,2],"texture":"#2"}}},{"from":[7.5,8.5,5.5],"to":[8.5,9.5,8.5],"rotation":{"angle":0,"axis":"y","origin":[8,8.75,8]},"faces":{"north":{"uv":[10,8.5,10.5,9],"texture":"#2"},"east":{"uv":[10,4.5,11.5,5],"texture":"#2"},"south":{"uv":[10.5,8.5,11,9],"texture":"#2"},"west":{"uv":[11,10,12.5,10.5],"texture":"#2"},"up":{"uv":[11.5,12,11,10.5],"texture":"#2"},"down":{"uv":[0.5,11.5,0,13],"texture":"#2"}}},{"from":[7.5,22,5.5],"to":[8.5,23,8.5],"rotation":{"angle":0,"axis":"y","origin":[8,8.75,8]},"faces":{"north":{"uv":[11.5,5.5,12,6],"texture":"#2"},"east":{"uv":[11.5,0,13,0.5],"texture":"#2"},"south":{"uv":[8,11.5,8.5,12],"texture":"#2"},"west":{"uv":[0.5,11.5,2,12],"texture":"#2"},"up":{"uv":[12,2,11.5,0.5],"texture":"#2"},"down":{"uv":[2.5,11.5,2,13],"texture":"#2"}}},{"from":[7.5,9.5,3.5],"to":[8.5,10.5,8.5],"rotation":{"angle":0,"axis":"y","origin":[8,8.75,8]},"faces":{"north":{"uv":[10,11.5,10.5,12],"texture":"#2"},"east":{"uv":[9,5,11.5,5.5],"texture":"#2"},"south":{"uv":[10.5,11.5,11,12],"texture":"#2"},"west":{"uv":[9,5.5,11.5,6],"texture":"#2"},"up":{"uv":[8,11.5,7.5,9],"texture":"#2"},"down":{"uv":[8.5,9,8,11.5],"texture":"#2"}}},{"from":[7.5,21,3.5],"to":[8.5,22,8.5],"rotation":{"angle":0,"axis":"y","origin":[8,8.75,8]},"faces":{"north":{"uv":[11.5,10.5,12,11],"texture":"#2"},"east":{"uv":[8.5,9,11,9.5],"texture":"#2"},"south":{"uv":[11.5,11,12,11.5],"texture":"#2"},"west":{"uv":[9.5,2,12,2.5],"texture":"#2"},"up":{"uv":[10,5,9.5,2.5],"texture":"#2"},"down":{"uv":[9,9.5,8.5,12],"texture":"#2"}}},{"from":[7.5,10.5,2.5],"to":[8.5,11.5,8.5],"rotation":{"angle":0,"axis":"y","origin":[8,8.75,8]},"faces":{"north":{"uv":[11.5,11.5,12,12],"texture":"#2"},"east":{"uv":[8,6,11,6.5],"texture":"#2"},"south":{"uv":[0.5,12,1,12.5],"texture":"#2"},"west":{"uv":[8,6.5,11,7],"texture":"#2"},"up":{"uv":[6.5,11.5,6,8.5],"texture":"#2"},"down":{"uv":[7,8.5,6.5,11.5],"texture":"#2"}}},{"from":[7.5,20,2.5],"to":[8.5,21,8.5],"rotation":{"angle":0,"axis":"y","origin":[8,8.75,8]},"faces":{"north":{"uv":[12,0.5,12.5,1],"texture":"#2"},"east":{"uv":[8,7,11,7.5],"texture":"#2"},"south":{"uv":[1,12,1.5,12.5],"texture":"#2"},"west":{"uv":[7,8.5,10,9],"texture":"#2"},"up":{"uv":[9.5,5,9,2],"texture":"#2"},"down":{"uv":[7.5,9,7,12],"texture":"#2"}}},{"from":[7.5,11.5,1.5],"to":[8.5,13.5,8.5],"rotation":{"angle":0,"axis":"y","origin":[8,8.75,8]},"faces":{"north":{"uv":[3.5,11.5,4,12.5],"texture":"#2"},"east":{"uv":[4,7.5,7.5,8.5],"texture":"#2"},"south":{"uv":[6,11.5,6.5,12.5],"texture":"#2"},"west":{"uv":[7.5,7.5,11,8.5],"texture":"#2"},"up":{"uv":[4.5,12,4,8.5],"texture":"#2"},"down":{"uv":[5,8.5,4.5,12],"texture":"#2"}}},{"from":[7.5,18,1.5],"to":[8.5,20,8.5],"rotation":{"angle":0,"axis":"y","origin":[8,8.75,8]},"faces":{"north":{"uv":[6.5,11.5,7,12.5],"texture":"#2"},"east":{"uv":[8,0,11.5,1],"texture":"#2"},"south":{"uv":[7.5,11.5,8,12.5],"texture":"#2"},"west":{"uv":[8,1,11.5,2],"texture":"#2"},"up":{"uv":[5.5,12,5,8.5],"texture":"#2"},"down":{"uv":[6,8.5,5.5,12],"texture":"#2"}}},{"from":[7.5,13.5,0.5],"to":[8.5,18,8.5],"rotation":{"angle":0,"axis":"y","origin":[8,8.75,8]},"faces":{"north":{"uv":[9,9.5,9.5,11.75],"texture":"#2"},"east":{"uv":[0,0,4,2.25],"texture":"#2"},"south":{"uv":[9.5,9.5,10,11.75],"texture":"#2"},"west":{"uv":[0,2.5,4,4.75],"texture":"#2"},"up":{"uv":[8.5,6,8,2],"texture":"#2"},"down":{"uv":[9,2,8.5,6],"texture":"#2"}}},{"from":[7.25,-2,7.25],"to":[8.75,9,8.75],"rotation":{"angle":0,"axis":"y","origin":[7.5,0.5,0.5]},"faces":{"north":{"uv":[4,0,4.75,5.5],"texture":"#2"},"east":{"uv":[0,5,0.75,10.5],"texture":"#2"},"south":{"uv":[5,0,5.75,5.5],"texture":"#2"},"west":{"uv":[1,5,1.75,10.5],"texture":"#2"},"up":{"uv":[3.25,12.25,2.5,11.5],"texture":"#2"},"down":{"uv":[12.25,4.5,11.5,5.25],"texture":"#2"}}}],"gui_light":"front","display":{"thirdperson_righthand":{"translation":[0,1.25,1.25],"scale":[0.75,0.75,0.75]},"thirdperson_lefthand":{"translation":[0,1.25,1.25],"scale":[0.75,0.75,0.75]},"firstperson_righthand":{"rotation":[-8,8,0],"translation":[3.5,-0.75,-2.75]},"firstperson_lefthand":{"rotation":[-8,8,0],"translation":[3.5,-0.75,-2.75]},"ground":{"rotation":[0,0,-75],"translation":[-2,0,0],"scale":[0.69531,0.69531,0.69531]},"gui":{"rotation":[90,-45,90],"translation":[0.75,-2,0],"scale":[0.67578,0.67578,0.67578]},"head":{"scale":[0,0,0]},"fixed":{"rotation":[0,90,0],"translation":[2.75,-3.75,-1.75],"scale":[1.7793,1.7793,1.7793]}}}