{"credit":"Made with Blockbench","textures":{"1":"juicy_fruity:orange_backpack","particle":"juicy_fruity:orange_backpack"},"elements":[{"from":[3.25,10.75,-3],"to":[4.25,11.75,2],"faces":{"north":{"uv":[2.2,9,2.4,9.2],"texture":"#1"},"east":{"uv":[1.2,10.6,2.2,10.8],"texture":"#1"},"south":{"uv":[7.8,10.6,8,10.8],"texture":"#1"},"west":{"uv":[10.6,3.4,11.6,3.6],"texture":"#1"},"up":{"uv":[12.4,1.6,12.2,0.6],"texture":"#1"},"down":{"uv":[1,12.2,0.8,13.2],"texture":"#1"}}},{"from":[3.25,2.75,-3],"to":[4.25,3.75,2],"faces":{"north":{"uv":[8,10.6,8.2,10.8],"texture":"#1"},"east":{"uv":[12,8.6,13,8.8],"texture":"#1"},"south":{"uv":[11,10.6,11.2,10.8],"texture":"#1"},"west":{"uv":[12,8.8,13,9],"texture":"#1"},"up":{"uv":[1.2,13.2,1,12.2],"texture":"#1"},"down":{"uv":[1.4,12.2,1.2,13.2],"texture":"#1"}}},{"from":[3.25,3.75,-3],"to":[4.25,10.75,-2],"faces":{"north":{"uv":[4.4,12,4.6,13.4],"texture":"#1"},"east":{"uv":[4.6,12,4.8,13.4],"texture":"#1"},"south":{"uv":[5.4,12,5.6,13.4],"texture":"#1"},"west":{"uv":[5.6,12,5.8,13.4],"texture":"#1"},"up":{"uv":[11.4,10.8,11.2,10.6],"texture":"#1"},"down":{"uv":[13.2,11.4,13,11.6],"texture":"#1"}}},{"from":[11.75,2.75,-3],"to":[12.75,3.75,2],"rotation":{"angle":0,"axis":"y","origin":[16,0,0]},"faces":{"north":{"uv":[13,11.6,13.2,11.8],"texture":"#1"},"east":{"uv":[1.4,12.2,2.4,12.4],"texture":"#1"},"south":{"uv":[13,11.8,13.2,12],"texture":"#1"},"west":{"uv":[12.2,9,13.2,9.2],"texture":"#1"},"up":{"uv":[12.4,10.2,12.2,9.2],"texture":"#1"},"down":{"uv":[12.6,0.6,12.4,1.6],"texture":"#1"}}},{"from":[11.75,10.75,-3],"to":[12.75,11.75,2],"rotation":{"angle":0,"axis":"y","origin":[16,0,0]},"faces":{"north":{"uv":[12,13,12.2,13.2],"texture":"#1"},"east":{"uv":[12.2,10.2,13.2,10.4],"texture":"#1"},"south":{"uv":[13,12,13.2,12.2],"texture":"#1"},"west":{"uv":[12.2,10.4,13.2,10.6],"texture":"#1"},"up":{"uv":[1.6,13.4,1.4,12.4],"texture":"#1"},"down":{"uv":[1.8,12.4,1.6,13.4],"texture":"#1"}}},{"from":[11.75,3.75,-3],"to":[12.75,10.75,-2],"rotation":{"angle":0,"axis":"y","origin":[16,0,0]},"faces":{"north":{"uv":[5.8,12,6,13.4],"texture":"#1"},"east":{"uv":[6,12,6.2,13.4],"texture":"#1"},"south":{"uv":[6.2,12,6.4,13.4],"texture":"#1"},"west":{"uv":[6.4,12,6.6,13.4],"texture":"#1"},"up":{"uv":[12.4,13.2,12.2,13],"texture":"#1"},"down":{"uv":[13.2,12.2,13,12.4],"texture":"#1"}}},{"from":[3,0,4],"to":[13,15,14],"faces":{"north":{"uv":[0,0,2,3],"texture":"#1"},"east":{"uv":[2,0,4,3],"texture":"#1"},"south":{"uv":[0,3,2,6],"texture":"#1"},"west":{"uv":[2,3,4,6],"texture":"#1"},"up":{"uv":[4.4,9.2,2.4,7.2],"texture":"#1"},"down":{"uv":[6.4,7.2,4.4,9.2],"texture":"#1"}}},{"from":[5,15,6],"to":[11,19,12],"faces":{"north":{"uv":[11,9,12.2,9.8],"texture":"#1"},"east":{"uv":[11,9.8,12.2,10.6],"texture":"#1"},"south":{"uv":[0,11.4,1.2,12.2],"texture":"#1"},"west":{"uv":[1.2,11.4,2.4,12.2],"texture":"#1"},"up":{"uv":[3.6,7.2,2.4,6],"texture":"#1"},"down":{"uv":[7.8,10.6,6.6,11.8],"texture":"#1"}}},{"from":[4.75,17,5.75],"to":[11.25,18,12.25],"faces":{"north":{"uv":[12,5.4,13.3,5.6],"texture":"#1"},"east":{"uv":[12,5.6,13.3,5.8],"texture":"#1"},"south":{"uv":[12,5.8,13.3,6],"texture":"#1"},"west":{"uv":[12,7.8,13.3,8],"texture":"#1"},"up":{"uv":[6.7,10.5,5.4,9.2],"texture":"#1"},"down":{"uv":[8.1,9.2,6.8,10.5],"texture":"#1"}}},{"from":[4,19,5],"to":[12,21,13],"faces":{"north":{"uv":[11.4,11.4,13,11.8],"texture":"#1"},"east":{"uv":[11.6,3.4,13.2,3.8],"texture":"#1"},"south":{"uv":[11.6,3.8,13.2,4.2],"texture":"#1"},"west":{"uv":[11.6,4.2,13.2,4.6],"texture":"#1"},"up":{"uv":[3.8,10.8,2.2,9.2],"texture":"#1"},"down":{"uv":[5.4,9.2,3.8,10.8],"texture":"#1"}}},{"from":[5.25,16,6.25],"to":[10.75,23,11.75],"faces":{"north":{"uv":[0,10,1.1,11.4],"texture":"#1"},"east":{"uv":[10.6,0,11.7,1.4],"texture":"#1"},"south":{"uv":[10.6,1.4,11.7,2.8],"texture":"#1"},"west":{"uv":[5.4,10.6,6.5,12],"texture":"#1"},"up":{"uv":[11.9,8.9,10.8,7.8],"texture":"#1"},"down":{"uv":[11.3,10.8,10.2,11.9],"texture":"#1"}}},{"from":[2,1,3],"to":[14,13,15],"faces":{"north":{"uv":[4,0,6.4,2.4],"texture":"#1"},"east":{"uv":[4,2.4,6.4,4.8],"texture":"#1"},"south":{"uv":[4,4.8,6.4,7.2],"texture":"#1"},"west":{"uv":[0,6,2.4,8.4],"texture":"#1"},"up":{"uv":[8.8,2.4,6.4,0],"texture":"#1"},"down":{"uv":[8.8,2.4,6.4,4.8],"texture":"#1"}}},{"from":[2.5,1.5,3.5],"to":[13.5,9.5,14.5],"faces":{"north":{"uv":[0,8.4,2.2,10],"texture":"#1"},"east":{"uv":[8.6,4.8,10.8,6.4],"texture":"#1"},"south":{"uv":[8.6,6.4,10.8,8],"texture":"#1"},"west":{"uv":[8.6,8,10.8,9.6],"texture":"#1"},"up":{"uv":[8.6,7,6.4,4.8],"texture":"#1"},"down":{"uv":[8.6,7,6.4,9.2],"texture":"#1"}}},{"from":[3.5,0.5,4.5],"to":[12.5,1.5,13.5],"faces":{"north":{"uv":[11.8,2.6,13.6,2.8],"texture":"#1"},"east":{"uv":[12,4.8,13.8,5],"texture":"#1"},"south":{"uv":[12,5,13.8,5.2],"texture":"#1"},"west":{"uv":[12,5.2,13.8,5.4],"texture":"#1"},"up":{"uv":[10.6,1.8,8.8,0],"texture":"#1"},"down":{"uv":[10.6,1.8,8.8,3.6],"texture":"#1"}}},{"from":[14.1,1,8],"to":[14.1,13,10],"rotation":{"angle":0,"axis":"y","origin":[8,7,9]},"faces":{"north":{"uv":[0,0,0,2.4],"texture":"#1"},"east":{"uv":[4.8,10.8,5.2,13.2],"texture":"#1"},"south":{"uv":[0,0,0,2.4],"texture":"#1"},"west":{"uv":[2.4,11.4,2.8,13.8],"texture":"#1"},"up":{"uv":[0,0.4,0,0],"texture":"#1"},"down":{"uv":[0,0,0,0.4],"texture":"#1"}}},{"from":[12.6,1,8],"to":[14.1,1,10],"rotation":{"angle":45,"axis":"z","origin":[14.1,1,9]},"faces":{"north":{"uv":[0,0,0.3,0],"texture":"#1"},"east":{"uv":[0,0,0.4,0],"texture":"#1"},"south":{"uv":[0,0,0.3,0],"texture":"#1"},"west":{"uv":[0,0,0.4,0],"texture":"#1"},"up":{"uv":[8.5,9.6,8.2,9.2],"texture":"#1"},"down":{"uv":[12.7,9.8,12.4,10.2],"texture":"#1"}}},{"from":[14.08366,12.99635,8],"to":[14.08366,15.49635,10],"rotation":{"angle":22.5,"axis":"z","origin":[14.08366,13.03925,9]},"faces":{"north":{"uv":[0,0,0,0.5],"texture":"#1"},"east":{"uv":[1.8,12.4,2.2,12.9],"texture":"#1"},"south":{"uv":[0,0,0,0.5],"texture":"#1"},"west":{"uv":[12.4,8,12.8,8.5],"texture":"#1"},"up":{"uv":[0,0.4,0,0],"texture":"#1"},"down":{"uv":[0,0,0,0.4],"texture":"#1"}}},{"from":[13.11325,15.29643,8],"to":[13.11325,18.29643,10],"rotation":{"angle":45,"axis":"z","origin":[13.11325,15.33932,9]},"faces":{"north":{"uv":[0,0,0,0.6],"texture":"#1"},"east":{"uv":[3.6,6,4,6.6],"texture":"#1"},"south":{"uv":[0,0,0,0.6],"texture":"#1"},"west":{"uv":[3.6,6.6,4,7.2],"texture":"#1"},"up":{"uv":[0,0.4,0,0],"texture":"#1"},"down":{"uv":[0,0,0,0.4],"texture":"#1"}}},{"from":[1.9,1,8],"to":[3.4,1,10],"rotation":{"angle":-45,"axis":"z","origin":[1.9,1,9]},"faces":{"north":{"uv":[0,0,0.3,0],"texture":"#1"},"east":{"uv":[0,0,0.4,0],"texture":"#1"},"south":{"uv":[0,0,0.3,0],"texture":"#1"},"west":{"uv":[0,0,0.4,0],"texture":"#1"},"up":{"uv":[12.9,1.6,12.6,1.2],"texture":"#1"},"down":{"uv":[10.5,12.6,10.2,13],"texture":"#1"}}},{"from":[1.9,1,8],"to":[1.9,13,10],"rotation":{"angle":0,"axis":"y","origin":[8,7,9]},"faces":{"north":{"uv":[0,0,0,2.4],"texture":"#1"},"east":{"uv":[2.8,11.4,3.2,13.8],"texture":"#1"},"south":{"uv":[0,0,0,2.4],"texture":"#1"},"west":{"uv":[3.2,11.4,3.6,13.8],"texture":"#1"},"up":{"uv":[0,0.4,0,0],"texture":"#1"},"down":{"uv":[0,0,0,0.4],"texture":"#1"}}},{"from":[1.91634,12.99635,8],"to":[1.91634,15.49635,10],"rotation":{"angle":-22.5,"axis":"z","origin":[1.91634,13.03925,9]},"faces":{"north":{"uv":[0,0,0,0.5],"texture":"#1"},"east":{"uv":[12.4,9.2,12.8,9.7],"texture":"#1"},"south":{"uv":[0,0,0,0.5],"texture":"#1"},"west":{"uv":[12.4,11.8,12.8,12.3],"texture":"#1"},"up":{"uv":[0,0.4,0,0],"texture":"#1"},"down":{"uv":[0,0,0,0.4],"texture":"#1"}}},{"from":[2.88675,15.29643,8],"to":[2.88675,18.29643,10],"rotation":{"angle":-45,"axis":"z","origin":[2.88675,15.33932,9]},"faces":{"north":{"uv":[0,0,0,0.6],"texture":"#1"},"east":{"uv":[1.2,10,1.6,10.6],"texture":"#1"},"south":{"uv":[0,0,0,0.6],"texture":"#1"},"west":{"uv":[1.6,10,2,10.6],"texture":"#1"},"up":{"uv":[0,0.4,0,0],"texture":"#1"},"down":{"uv":[0,0,0,0.4],"texture":"#1"}}},{"from":[2.93934,-0.06066,8],"to":[13.03934,-0.06066,10],"rotation":{"angle":0,"axis":"y","origin":[13.03934,-0.06066,9]},"faces":{"north":{"uv":[0,0,2,0],"texture":"#1"},"east":{"uv":[0,0,0.4,0],"texture":"#1"},"south":{"uv":[0,0,2,0],"texture":"#1"},"west":{"uv":[0,0,0.4,0],"texture":"#1"},"up":{"uv":[13.4,11,11.4,10.6],"texture":"#1"},"down":{"uv":[13.4,11,11.4,11.4],"texture":"#1"}}},{"from":[7,9.57643,17.69606],"to":[9,12.57643,17.69606],"rotation":{"angle":-45,"axis":"x","origin":[8,8.1545,9]},"faces":{"north":{"uv":[12,8,12.4,8.6],"texture":"#1"},"east":{"uv":[0,0,0,0.6],"texture":"#1"},"south":{"uv":[10.2,12,10.6,12.6],"texture":"#1"},"west":{"uv":[0,0,0,0.6],"texture":"#1"},"up":{"uv":[0.4,0,0,0],"texture":"#1"},"down":{"uv":[0.4,0,0,0],"texture":"#1"}}},{"from":[7,10.29641,16.48988],"to":[9,12.79641,16.48988],"rotation":{"angle":-22.5,"axis":"x","origin":[8,8.1545,9]},"faces":{"north":{"uv":[12,12.4,12.4,12.9],"texture":"#1"},"east":{"uv":[0,0,0,0.5],"texture":"#1"},"south":{"uv":[12.4,12.4,12.8,12.9],"texture":"#1"},"west":{"uv":[0,0,0,0.5],"texture":"#1"},"up":{"uv":[0.4,0,0,0],"texture":"#1"},"down":{"uv":[0.4,0,0,0],"texture":"#1"}}},{"from":[7,1,15.1],"to":[9,13,15.1],"rotation":{"angle":0,"axis":"y","origin":[8,8.1545,9]},"faces":{"north":{"uv":[7.8,11.4,8.2,13.8],"texture":"#1"},"east":{"uv":[0,0,0,2.4],"texture":"#1"},"south":{"uv":[8.2,11.4,8.6,13.8],"texture":"#1"},"west":{"uv":[0,0,0,2.4],"texture":"#1"},"up":{"uv":[0.4,0,0,0],"texture":"#1"},"down":{"uv":[0.4,0,0,0],"texture":"#1"}}},{"from":[7,-1.21785,6.75436],"to":[9,-1.21785,8.25436],"rotation":{"angle":-45,"axis":"x","origin":[8,8.1545,9]},"faces":{"north":{"uv":[0,0,0.4,0],"texture":"#1"},"east":{"uv":[0,0,0.3,0],"texture":"#1"},"south":{"uv":[0,0,0.4,0],"texture":"#1"},"west":{"uv":[0,0,0.3,0],"texture":"#1"},"up":{"uv":[11,12.9,10.6,12.6],"texture":"#1"},"down":{"uv":[11.4,12.6,11,12.9],"texture":"#1"}}},{"from":[7,-1.21785,9.74564],"to":[9,-1.21785,11.24564],"rotation":{"angle":45,"axis":"x","origin":[8,8.1545,9]},"faces":{"north":{"uv":[0,0,0.4,0],"texture":"#1"},"east":{"uv":[0,0,0.3,0],"texture":"#1"},"south":{"uv":[0,0,0.4,0],"texture":"#1"},"west":{"uv":[0,0,0.3,0],"texture":"#1"},"up":{"uv":[0.4,13.1,0,12.8],"texture":"#1"},"down":{"uv":[0.8,12.8,0.4,13.1],"texture":"#1"}}},{"from":[7,1,2.9],"to":[9,13,2.9],"rotation":{"angle":0,"axis":"y","origin":[8,8.1545,9]},"faces":{"north":{"uv":[8.6,11.4,9,13.8],"texture":"#1"},"east":{"uv":[0,0,0,2.4],"texture":"#1"},"south":{"uv":[9,11.4,9.4,13.8],"texture":"#1"},"west":{"uv":[0,0,0,2.4],"texture":"#1"},"up":{"uv":[0.4,0,0,0],"texture":"#1"},"down":{"uv":[0.4,0,0,0],"texture":"#1"}}},{"from":[7,10.29641,1.51012],"to":[9,12.79641,1.51012],"rotation":{"angle":22.5,"axis":"x","origin":[8,8.1545,9]},"faces":{"north":{"uv":[12.6,0,13,0.5],"texture":"#1"},"east":{"uv":[0,0,0,0.5],"texture":"#1"},"south":{"uv":[12.6,0.6,13,1.1],"texture":"#1"},"west":{"uv":[0,0,0,0.5],"texture":"#1"},"up":{"uv":[0.4,0,0,0],"texture":"#1"},"down":{"uv":[0.4,0,0,0],"texture":"#1"}}},{"from":[7,9.57643,0.30394],"to":[9,12.57643,0.30394],"rotation":{"angle":45,"axis":"x","origin":[8,8.1545,9]},"faces":{"north":{"uv":[10.6,12,11,12.6],"texture":"#1"},"east":{"uv":[0,0,0,0.6],"texture":"#1"},"south":{"uv":[11,12,11.4,12.6],"texture":"#1"},"west":{"uv":[0,0,0,0.6],"texture":"#1"},"up":{"uv":[0.4,0,0,0],"texture":"#1"},"down":{"uv":[0.4,0,0,0],"texture":"#1"}}},{"from":[7,-0.06066,3.93934],"to":[9,-0.06066,14.03934],"rotation":{"angle":0,"axis":"y","origin":[8,8.1545,9]},"faces":{"north":{"uv":[0,0,0.4,0],"texture":"#1"},"east":{"uv":[0,0,2,0],"texture":"#1"},"south":{"uv":[0,0,0.4,0],"texture":"#1"},"west":{"uv":[0,0,2,0],"texture":"#1"},"up":{"uv":[9.8,13.4,9.4,11.4],"texture":"#1"},"down":{"uv":[10.2,11.4,9.8,13.4],"texture":"#1"}}},{"from":[1.9,9.5,1.5],"to":[14.1,12.5,2.5],"faces":{"north":{"uv":[10.6,2.8,13,3.4],"texture":"#1"},"east":{"uv":[2.2,8.4,2.4,9],"texture":"#1"},"south":{"uv":[1.2,10.8,3.6,11.4],"texture":"#1"},"west":{"uv":[2,10,2.2,10.6],"texture":"#1"},"up":{"uv":[14,4.8,11.6,4.6],"texture":"#1"},"down":{"uv":[14.2,1.6,11.8,1.8],"texture":"#1"}}},{"from":[14.1,9.5,1.5],"to":[15,12.5,3.5],"rotation":{"angle":0,"axis":"y","origin":[16,0,0]},"faces":{"north":{"uv":[10.8,9,11,9.6],"texture":"#1"},"east":{"uv":[12,11.8,12.4,12.4],"texture":"#1"},"south":{"uv":[2.2,12.4,2.4,13],"texture":"#1"},"west":{"uv":[0,12.2,0.4,12.8],"texture":"#1"},"up":{"uv":[13.2,1.6,13,1.2],"texture":"#1"},"down":{"uv":[13.2,8.6,13,9],"texture":"#1"}}},{"from":[14.1,4.5,3.5],"to":[15,12.5,5.5],"rotation":{"angle":0,"axis":"y","origin":[16,0,0]},"faces":{"north":{"uv":[3.6,12,3.8,13.6],"texture":"#1"},"east":{"uv":[11.8,0,12.2,1.6],"texture":"#1"},"south":{"uv":[3.8,12,4,13.6],"texture":"#1"},"west":{"uv":[6.6,11.8,7,13.4],"texture":"#1"},"up":{"uv":[10.4,13.4,10.2,13],"texture":"#1"},"down":{"uv":[10.6,13,10.4,13.4],"texture":"#1"}}},{"from":[1,4.5,3.5],"to":[1.9,12.5,5.5],"faces":{"north":{"uv":[4,12,4.2,13.6],"texture":"#1"},"east":{"uv":[7,11.8,7.4,13.4],"texture":"#1"},"south":{"uv":[4.2,12,4.4,13.6],"texture":"#1"},"west":{"uv":[7.4,11.8,7.8,13.4],"texture":"#1"},"up":{"uv":[10.8,13.4,10.6,13],"texture":"#1"},"down":{"uv":[11,13,10.8,13.4],"texture":"#1"}}},{"from":[1,9.5,1.5],"to":[1.9,12.5,3.5],"faces":{"north":{"uv":[12.8,8,13,8.6],"texture":"#1"},"east":{"uv":[12.2,0,12.6,0.6],"texture":"#1"},"south":{"uv":[12.8,9.2,13,9.8],"texture":"#1"},"west":{"uv":[0.4,12.2,0.8,12.8],"texture":"#1"},"up":{"uv":[11.2,13.4,11,13],"texture":"#1"},"down":{"uv":[11.4,13,11.2,13.4],"texture":"#1"}}},{"from":[1,1.5,2],"to":[2,4.5,16],"faces":{"north":{"uv":[12.8,11.8,13,12.4],"texture":"#1"},"east":{"uv":[8.8,3.6,11.6,4.2],"texture":"#1"},"south":{"uv":[12.8,12.4,13,13],"texture":"#1"},"west":{"uv":[8.8,4.2,11.6,4.8],"texture":"#1"},"up":{"uv":[5.4,13.6,5.2,10.8],"texture":"#1"},"down":{"uv":[11.6,11.8,11.4,14.6],"texture":"#1"}}},{"from":[14,1.5,2],"to":[15,4.5,16],"faces":{"north":{"uv":[13,0,13.2,0.6],"texture":"#1"},"east":{"uv":[8.2,9.6,11,10.2],"texture":"#1"},"south":{"uv":[13,0.6,13.2,1.2],"texture":"#1"},"west":{"uv":[8.2,10.2,11,10.8],"texture":"#1"},"up":{"uv":[11.8,14.6,11.6,11.8],"texture":"#1"},"down":{"uv":[12,11.8,11.8,14.6],"texture":"#1"}}},{"from":[5,5.5,15],"to":[11,11.5,15.5],"faces":{"north":{"uv":[3.6,10.8,4.8,12],"texture":"#1"},"east":{"uv":[1.8,13,1.9,14.2],"texture":"#1"},"south":{"uv":[10.8,4.8,12,6],"texture":"#1"},"west":{"uv":[2,13,2.1,14.2],"texture":"#1"},"up":{"uv":[14,9.9,12.8,9.8],"texture":"#1"},"down":{"uv":[14,10,12.8,10.1],"texture":"#1"}}},{"from":[2,1.5,15],"to":[14,4.5,16],"faces":{"north":{"uv":[10.8,6,13.2,6.6],"texture":"#1"},"east":{"uv":[2.2,13,2.4,13.6],"texture":"#1"},"south":{"uv":[10.8,6.6,13.2,7.2],"texture":"#1"},"west":{"uv":[13,2.8,13.2,3.4],"texture":"#1"},"up":{"uv":[14.2,2,11.8,1.8],"texture":"#1"},"down":{"uv":[14.2,2,11.8,2.2],"texture":"#1"}}},{"from":[2,1.5,2],"to":[14,4.5,3],"faces":{"north":{"uv":[10.8,7.2,13.2,7.8],"texture":"#1"},"east":{"uv":[13,8,13.2,8.6],"texture":"#1"},"south":{"uv":[7.8,10.8,10.2,11.4],"texture":"#1"},"west":{"uv":[13,9.2,13.2,9.8],"texture":"#1"},"up":{"uv":[14.2,2.4,11.8,2.2],"texture":"#1"},"down":{"uv":[14.2,2.4,11.8,2.6],"texture":"#1"}}}],"gui_light":"front","display":{"thirdperson_righthand":{"rotation":[-122.5,0,-180],"translation":[0,0.5,-3],"scale":[0.5,0.5,0.5]},"thirdperson_lefthand":{"rotation":[67.5,0,0],"translation":[-5.5,-10.5,11.25],"scale":[1.01367,1.01367,1.01367]},"firstperson_righthand":{"rotation":[0,-68,0],"translation":[9.75,-1.75,-12.75],"scale":[1.11523,1.11523,1.11523]},"firstperson_lefthand":{"translation":[0,8.5,0],"scale":[0,0,0]},"ground":{"translation":[0,3.5,0],"scale":[0.69336,0.69336,0.69336]},"gui":{"rotation":[22.5,-45,0],"translation":[0,-1.75,0],"scale":[0.62891,0.62891,0.62891]},"head":{"translation":[0,-48.25,13.5],"scale":[1.7,1.7,1.7]},"fixed":{"rotation":[-90,180,0],"translation":[0,1.5,-15],"scale":[1.75195,1.75195,1.75195]}}}