{"credit":"Made with Blockbench","texture_size":[40,40],"textures":{"1":"juicy_fruity:strawberry_staff","particle":"juicy_fruity:strawberry_staff"},"elements":[{"from":[12,12,6.5],"to":[13,16,10.5],"rotation":{"angle":-22.5,"axis":"z","origin":[8,9.75,6.5]},"faces":{"north":{"uv":[7.2,11.2,7.6,12.8],"texture":"#1"},"east":{"uv":[3.2,4.8,4.8,6.4],"texture":"#1"},"south":{"uv":[7.6,11.2,8,12.8],"texture":"#1"},"west":{"uv":[4.8,4.8,6.4,6.4],"texture":"#1"},"up":{"uv":[4.8,13.6,4.4,12],"texture":"#1"},"down":{"uv":[5.2,12,4.8,13.6],"texture":"#1"}}},{"from":[8,9,6.5],"to":[11,10,9.5],"rotation":{"angle":-22.5,"axis":"z","origin":[8,9.75,6.5]},"faces":{"north":{"uv":[12.8,11.6,14,12],"texture":"#1"},"east":{"uv":[13.2,4,14.4,4.4],"texture":"#1"},"south":{"uv":[13.2,4.4,14.4,4.8],"texture":"#1"},"west":{"uv":[13.2,4.8,14.4,5.2],"texture":"#1"},"up":{"uv":[2,11.2,0.8,10],"texture":"#1"},"down":{"uv":[3.2,10,2,11.2],"texture":"#1"}}},{"from":[8,18,6.5],"to":[11,20,9.5],"rotation":{"angle":-22.5,"axis":"z","origin":[8,9.75,6.5]},"faces":{"north":{"uv":[11.6,3.2,12.8,4],"texture":"#1"},"east":{"uv":[11.6,4,12.8,4.8],"texture":"#1"},"south":{"uv":[11.6,8,12.8,8.8],"texture":"#1"},"west":{"uv":[11.6,8.8,12.8,9.6],"texture":"#1"},"up":{"uv":[11.6,1.2,10.4,0],"texture":"#1"},"down":{"uv":[11.6,1.2,10.4,2.4],"texture":"#1"}}},{"from":[8,20,6.5],"to":[10,22,8.5],"rotation":{"angle":-22.5,"axis":"z","origin":[8,9.75,6.5]},"faces":{"north":{"uv":[5.2,12,6,12.8],"texture":"#1"},"east":{"uv":[6,12,6.8,12.8],"texture":"#1"},"south":{"uv":[8,12,8.8,12.8],"texture":"#1"},"west":{"uv":[8.8,12,9.6,12.8],"texture":"#1"},"up":{"uv":[10.4,12.8,9.6,12],"texture":"#1"},"down":{"uv":[11.2,12,10.4,12.8],"texture":"#1"}}},{"from":[8,10,6.5],"to":[12,12,10.5],"rotation":{"angle":-22.5,"axis":"z","origin":[8,9.75,6.5]},"faces":{"north":{"uv":[9.6,10.4,11.2,11.2],"texture":"#1"},"east":{"uv":[0.8,11.2,2.4,12],"texture":"#1"},"south":{"uv":[2.4,11.2,4,12],"texture":"#1"},"west":{"uv":[4,11.2,5.6,12],"texture":"#1"},"up":{"uv":[7.2,1.6,5.6,0],"texture":"#1"},"down":{"uv":[7.2,1.6,5.6,3.2],"texture":"#1"}}},{"from":[8,16,6.5],"to":[12,18,10.5],"rotation":{"angle":-22.5,"axis":"z","origin":[8,9.75,6.5]},"faces":{"north":{"uv":[11.2,4.8,12.8,5.6],"texture":"#1"},"east":{"uv":[5.6,11.2,7.2,12],"texture":"#1"},"south":{"uv":[11.2,5.6,12.8,6.4],"texture":"#1"},"west":{"uv":[11.2,6.4,12.8,7.2],"texture":"#1"},"up":{"uv":[7.2,4.8,5.6,3.2],"texture":"#1"},"down":{"uv":[4.8,6.4,3.2,8],"texture":"#1"}}},{"from":[8,12,6.5],"to":[12,16,10.5],"rotation":{"angle":-22.5,"axis":"z","origin":[8,9.75,6.5]},"faces":{"north":{"uv":[4.8,6.4,6.4,8],"texture":"#1"},"east":{"uv":[6.4,4.8,8,6.4],"texture":"#1"},"south":{"uv":[6.4,6.4,8,8],"texture":"#1"},"west":{"uv":[7.2,0,8.8,1.6],"texture":"#1"},"up":{"uv":[8.8,3.2,7.2,1.6],"texture":"#1"},"down":{"uv":[8.8,3.2,7.2,4.8],"texture":"#1"}}},{"from":[8,12,10.5],"to":[12,16,11.5],"rotation":{"angle":-22.5,"axis":"z","origin":[8,9.75,6.5]},"faces":{"north":{"uv":[3.2,8,4.8,9.6],"texture":"#1"},"east":{"uv":[6.8,12,7.2,13.6],"texture":"#1"},"south":{"uv":[4.8,8,6.4,9.6],"texture":"#1"},"west":{"uv":[11.2,12,11.6,13.6],"texture":"#1"},"up":{"uv":[13.2,12.4,11.6,12],"texture":"#1"},"down":{"uv":[13.2,12.4,11.6,12.8],"texture":"#1"}}},{"from":[5,9,6.5],"to":[8,10,9.5],"rotation":{"angle":22.5,"axis":"z","origin":[8,9.75,6.5]},"faces":{"north":{"uv":[5.2,13.2,6.4,13.6],"texture":"#1"},"east":{"uv":[13.2,5.2,14.4,5.6],"texture":"#1"},"south":{"uv":[13.2,6,14.4,6.4],"texture":"#1"},"west":{"uv":[13.2,6.4,14.4,6.8],"texture":"#1"},"up":{"uv":[11.6,3.6,10.4,2.4],"texture":"#1"},"down":{"uv":[11.6,3.6,10.4,4.8],"texture":"#1"}}},{"from":[4,10,6.5],"to":[8,12,10.5],"rotation":{"angle":22.5,"axis":"z","origin":[8,9.75,6.5]},"faces":{"north":{"uv":[11.2,7.2,12.8,8],"texture":"#1"},"east":{"uv":[9.6,11.2,11.2,12],"texture":"#1"},"south":{"uv":[11.2,10.4,12.8,11.2],"texture":"#1"},"west":{"uv":[11.2,11.2,12.8,12],"texture":"#1"},"up":{"uv":[9.6,6.4,8,4.8],"texture":"#1"},"down":{"uv":[8,8,6.4,9.6],"texture":"#1"}}},{"from":[4,12,6.5],"to":[8,16,10.5],"rotation":{"angle":22.5,"axis":"z","origin":[8,9.75,6.5]},"faces":{"north":{"uv":[8,6.4,9.6,8],"texture":"#1"},"east":{"uv":[8,8,9.6,9.6],"texture":"#1"},"south":{"uv":[0,8.4,1.6,10],"texture":"#1"},"west":{"uv":[1.6,8.4,3.2,10],"texture":"#1"},"up":{"uv":[10.4,1.6,8.8,0],"texture":"#1"},"down":{"uv":[10.4,1.6,8.8,3.2],"texture":"#1"}}},{"from":[4,16,6.5],"to":[8,18,10.5],"rotation":{"angle":22.5,"axis":"z","origin":[8,9.75,6.5]},"faces":{"north":{"uv":[11.6,0,13.2,0.8],"texture":"#1"},"east":{"uv":[11.6,0.8,13.2,1.6],"texture":"#1"},"south":{"uv":[11.6,1.6,13.2,2.4],"texture":"#1"},"west":{"uv":[11.6,2.4,13.2,3.2],"texture":"#1"},"up":{"uv":[10.4,4.8,8.8,3.2],"texture":"#1"},"down":{"uv":[4.8,9.6,3.2,11.2],"texture":"#1"}}},{"from":[5,18,6.5],"to":[8,20,9.5],"rotation":{"angle":22.5,"axis":"z","origin":[8,9.75,6.5]},"faces":{"north":{"uv":[11.6,9.6,12.8,10.4],"texture":"#1"},"east":{"uv":[0.8,12,2,12.8],"texture":"#1"},"south":{"uv":[2,12,3.2,12.8],"texture":"#1"},"west":{"uv":[3.2,12,4.4,12.8],"texture":"#1"},"up":{"uv":[11.6,9.2,10.4,8],"texture":"#1"},"down":{"uv":[11.6,9.2,10.4,10.4],"texture":"#1"}}},{"from":[6,20,6.5],"to":[8,22,8.5],"rotation":{"angle":22.5,"axis":"z","origin":[8,9.75,6.5]},"faces":{"north":{"uv":[0,12.4,0.8,13.2],"texture":"#1"},"east":{"uv":[0.8,12.8,1.6,13.6],"texture":"#1"},"south":{"uv":[1.6,12.8,2.4,13.6],"texture":"#1"},"west":{"uv":[2.4,12.8,3.2,13.6],"texture":"#1"},"up":{"uv":[4,13.6,3.2,12.8],"texture":"#1"},"down":{"uv":[13.6,3.2,12.8,4],"texture":"#1"}}},{"from":[4,12,10.5],"to":[8,16,11.5],"rotation":{"angle":22.5,"axis":"z","origin":[8,9.75,6.5]},"faces":{"north":{"uv":[4.8,9.6,6.4,11.2],"texture":"#1"},"east":{"uv":[4,12.8,4.4,14.4],"texture":"#1"},"south":{"uv":[9.6,4.8,11.2,6.4],"texture":"#1"},"west":{"uv":[12.8,4,13.2,5.6],"texture":"#1"},"up":{"uv":[6.8,13.2,5.2,12.8],"texture":"#1"},"down":{"uv":[14.4,5.6,12.8,6],"texture":"#1"}}},{"from":[3,12,6.5],"to":[4,16,10.5],"rotation":{"angle":22.5,"axis":"z","origin":[8,9.75,6.5]},"faces":{"north":{"uv":[12.8,6,13.2,7.6],"texture":"#1"},"east":{"uv":[6.4,9.6,8,11.2],"texture":"#1"},"south":{"uv":[7.2,12.8,7.6,14.4],"texture":"#1"},"west":{"uv":[9.6,6.4,11.2,8],"texture":"#1"},"up":{"uv":[8,14.4,7.6,12.8],"texture":"#1"},"down":{"uv":[13.2,7.6,12.8,9.2],"texture":"#1"}}},{"from":[7,0,7],"to":[9,6,9],"rotation":{"angle":0,"axis":"y","origin":[8,8,8]},"faces":{"north":{"uv":[8,9.6,8.8,12],"texture":"#1"},"east":{"uv":[9.6,8,10.4,10.4],"texture":"#1"},"south":{"uv":[8.8,9.6,9.6,12],"texture":"#1"},"west":{"uv":[0,10,0.8,12.4],"texture":"#1"},"up":{"uv":[8.8,13.6,8,12.8],"texture":"#1"},"down":{"uv":[9.6,12.8,8.8,13.6],"texture":"#1"}}},{"from":[7,8,7],"to":[9,10,9],"rotation":{"angle":0,"axis":"y","origin":[8,8,8]},"faces":{"north":{"uv":[12.8,9.2,13.6,10],"texture":"#1"},"east":{"uv":[9.6,12.8,10.4,13.6],"texture":"#1"},"south":{"uv":[12.8,10,13.6,10.8],"texture":"#1"},"west":{"uv":[10.4,12.8,11.2,13.6],"texture":"#1"},"up":{"uv":[13.6,11.6,12.8,10.8],"texture":"#1"},"down":{"uv":[12.4,12.8,11.6,13.6],"texture":"#1"}}},{"from":[5,7.5,4],"to":[11,7.5,7],"rotation":{"angle":22.5,"axis":"x","origin":[8,7.75,8]},"faces":{"north":{"uv":[0,0,2.4,0],"texture":"#1"},"east":{"uv":[0,0,1.2,0],"texture":"#1"},"south":{"uv":[0,0,2.4,0],"texture":"#1"},"west":{"uv":[0,0,1.2,0],"texture":"#1"},"up":{"uv":[5.6,1.2,3.2,0],"texture":"#1"},"down":{"uv":[5.6,0,3.2,1.2],"texture":"#1"}}},{"from":[5,9.04969,1.20919],"to":[11,9.04969,4.20919],"rotation":{"angle":0,"axis":"y","origin":[8,9.29969,8.20919]},"faces":{"north":{"uv":[0,0,2.4,0],"texture":"#1"},"east":{"uv":[0,0,1.2,0],"texture":"#1"},"south":{"uv":[0,0,2.4,0],"texture":"#1"},"west":{"uv":[0,0,1.2,0],"texture":"#1"},"up":{"uv":[5.6,3.6,3.2,2.4],"texture":"#1"},"down":{"uv":[5.6,2.4,3.2,3.6],"texture":"#1"}}},{"from":[5,9.04969,11.79081],"to":[11,9.04969,14.79081],"rotation":{"angle":0,"axis":"y","origin":[8,9.29969,7.79081]},"faces":{"north":{"uv":[2.4,0,0,0],"texture":"#1"},"east":{"uv":[1.2,0,0,0],"texture":"#1"},"south":{"uv":[2.4,0,0,0],"texture":"#1"},"west":{"uv":[1.2,0,0,0],"texture":"#1"},"up":{"uv":[5.6,2.4,3.2,3.6],"texture":"#1"},"down":{"uv":[5.6,3.6,3.2,2.4],"texture":"#1"}}},{"from":[5,7.5,9],"to":[11,7.5,12],"rotation":{"angle":-22.5,"axis":"x","origin":[8,7.75,8]},"faces":{"north":{"uv":[2.4,0,0,0],"texture":"#1"},"east":{"uv":[1.2,0,0,0],"texture":"#1"},"south":{"uv":[2.4,0,0,0],"texture":"#1"},"west":{"uv":[1.2,0,0,0],"texture":"#1"},"up":{"uv":[5.6,0,3.2,1.2],"texture":"#1"},"down":{"uv":[5.6,1.2,3.2,0],"texture":"#1"}}},{"from":[1.5,8.29969,5.04081],"to":[4.5,8.29969,11.04081],"rotation":{"angle":0,"axis":"y","origin":[8.5,8.54969,8.04081]},"faces":{"north":{"uv":[1.2,0,0,0],"texture":"#1"},"east":{"uv":[2.4,0,0,0],"texture":"#1"},"south":{"uv":[1.2,0,0,0],"texture":"#1"},"west":{"uv":[2.4,0,0,0],"texture":"#1"},"up":{"uv":[5.6,2.4,3.2,3.6],"rotation":90,"texture":"#1"},"down":{"uv":[5.6,3.6,3.2,2.4],"rotation":270,"texture":"#1"}}},{"from":[4.29081,6.75,5.04081],"to":[7.29081,6.75,11.04081],"rotation":{"angle":-22.5,"axis":"z","origin":[8.29081,7,8.04081]},"faces":{"north":{"uv":[1.2,0,0,0],"texture":"#1"},"east":{"uv":[2.4,0,0,0],"texture":"#1"},"south":{"uv":[1.2,0,0,0],"texture":"#1"},"west":{"uv":[2.4,0,0,0],"texture":"#1"},"up":{"uv":[5.6,0,3.2,1.2],"rotation":90,"texture":"#1"},"down":{"uv":[5.6,1.2,3.2,0],"rotation":270,"texture":"#1"}}},{"from":[8.70919,6.75,5.04081],"to":[11.70919,6.75,11.04081],"rotation":{"angle":22.5,"axis":"z","origin":[7.70919,7,8.04081]},"faces":{"north":{"uv":[0,0,1.2,0],"texture":"#1"},"east":{"uv":[0,0,2.4,0],"texture":"#1"},"south":{"uv":[0,0,1.2,0],"texture":"#1"},"west":{"uv":[0,0,2.4,0],"texture":"#1"},"up":{"uv":[5.6,1.2,3.2,0],"rotation":90,"texture":"#1"},"down":{"uv":[5.6,0,3.2,1.2],"rotation":270,"texture":"#1"}}},{"from":[11.5,8.29969,5.04081],"to":[14.5,8.29969,11.04081],"rotation":{"angle":0,"axis":"y","origin":[7.5,8.54969,8.04081]},"faces":{"north":{"uv":[0,0,1.2,0],"texture":"#1"},"east":{"uv":[0,0,2.4,0],"texture":"#1"},"south":{"uv":[0,0,1.2,0],"texture":"#1"},"west":{"uv":[0,0,2.4,0],"texture":"#1"},"up":{"uv":[5.6,3.6,3.2,2.4],"rotation":90,"texture":"#1"},"down":{"uv":[5.6,2.4,3.2,3.6],"rotation":270,"texture":"#1"}}},{"from":[7,-14,7],"to":[9,-12,9],"rotation":{"angle":45,"axis":"x","origin":[8,-13,8]},"faces":{"north":{"uv":[13.2,0.8,14,1.6],"texture":"#1"},"east":{"uv":[12.4,12.8,13.2,13.6],"texture":"#1"},"south":{"uv":[0,13.2,0.8,14],"texture":"#1"},"west":{"uv":[13.2,0,14,0.8],"texture":"#1"},"up":{"uv":[14,2.4,13.2,1.6],"rotation":90,"texture":"#1"},"down":{"uv":[14,2.4,13.2,3.2],"rotation":270,"texture":"#1"}}},{"from":[7.25,-13,7.25],"to":[8.75,8,8.75],"rotation":{"angle":0,"axis":"y","origin":[8,8,8]},"faces":{"north":{"uv":[2.4,0,3,8.4],"texture":"#1"},"east":{"uv":[0,0,0.6,8.4],"texture":"#1"},"south":{"uv":[0.8,0,1.4,8.4],"texture":"#1"},"west":{"uv":[1.6,0,2.2,8.4],"texture":"#1"},"up":{"uv":[13.8,7.4,13.2,6.8],"rotation":90,"texture":"#1"},"down":{"uv":[13.8,7.6,13.2,8.2],"rotation":270,"texture":"#1"}}}],"gui_light":"front","display":{"thirdperson_righthand":{"rotation":[30,75,0],"translation":[0,5,4.5],"scale":[0.75,0.75,0.75]},"thirdperson_lefthand":{"rotation":[30,75,0],"translation":[0,5,4.5],"scale":[0.75,0.75,0.75]},"firstperson_righthand":{"rotation":[-27,91,0],"translation":[8.75,2.25,-10.75],"scale":[1.05859,1.05859,1.05859]},"firstperson_lefthand":{"rotation":[-27,91,0],"translation":[8.75,2.25,-10.75],"scale":[1.05859,1.05859,1.05859]},"ground":{"rotation":[38,0,-75],"translation":[3.5,1.25,0],"scale":[0.69531,0.69531,0.69531]},"gui":{"rotation":[140,-36,129],"translation":[-1,1.25,0],"scale":[0.51172,0.51172,0.51172]},"head":{"scale":[0,0,0]},"fixed":{"rotation":[-4,0,0],"translation":[0.25,8,-7],"scale":[1.7793,1.7793,1.7793]}}}