{"credit":"Made with Blockbench","texture_size":[64,64],"textures":{"3":"juicy_fruity:strawberry_helmet"},"elements":[{"from":[3,7.1,3],"to":[13,11.1,13],"rotation":{"angle":0,"axis":"y","origin":[8,13.1,8]},"faces":{"north":{"uv":[4,9.25,6.5,10.25],"texture":"#3"},"east":{"uv":[6.5,9.25,9,10.25],"texture":"#3"},"south":{"uv":[9,9.25,11.5,10.25],"texture":"#3"},"west":{"uv":[0,10,2.5,11],"texture":"#3"},"up":{"uv":[9,2.5,6.5,0],"texture":"#3"},"down":{"uv":[9,2.5,6.5,5],"texture":"#3"}}},{"from":[4,11.1,4],"to":[12,15.1,12],"rotation":{"angle":0,"axis":"y","origin":[8,13.1,8]},"faces":{"north":{"uv":[0,9,2,10],"texture":"#3"},"east":{"uv":[7.75,12.25,9.75,13.25],"texture":"#3"},"south":{"uv":[9.75,12.25,11.75,13.25],"texture":"#3"},"west":{"uv":[12.25,10.25,14.25,11.25],"texture":"#3"},"up":{"uv":[2,9,0,7],"texture":"#3"},"down":{"uv":[4,8,2,10],"texture":"#3"}}},{"from":[5,15.1,5],"to":[11,17.1,11],"rotation":{"angle":0,"axis":"y","origin":[8,13.1,8]},"faces":{"north":{"uv":[2,7,3.5,7.5],"texture":"#3"},"east":{"uv":[2,7.5,3.5,8],"texture":"#3"},"south":{"uv":[8.5,7.5,10,8],"texture":"#3"},"west":{"uv":[10,8.75,11.5,9.25],"texture":"#3"},"up":{"uv":[13,10.25,11.5,8.75],"texture":"#3"},"down":{"uv":[13.5,6.5,12,8],"texture":"#3"}}},{"from":[2,2.1,3],"to":[14,7.1,13],"rotation":{"angle":0,"axis":"y","origin":[0,2,0]},"faces":{"north":{"uv":[4,8,7,9.25],"texture":"#3"},"east":{"uv":[9,0,11.5,1.25],"texture":"#3"},"south":{"uv":[7,8,10,9.25],"texture":"#3"},"west":{"uv":[9,1.25,11.5,2.5],"texture":"#3"},"up":{"uv":[6.5,2.5,3.5,0],"texture":"#3"},"down":{"uv":[6.5,2.5,3.5,5],"texture":"#3"}}},{"from":[3,2.1,2],"to":[13,7.1,14],"rotation":{"angle":0,"axis":"y","origin":[0,2,0]},"faces":{"north":{"uv":[9,2.5,11.5,3.75],"texture":"#3"},"east":{"uv":[8.5,5,11.5,6.25],"texture":"#3"},"south":{"uv":[9,3.75,11.5,5],"texture":"#3"},"west":{"uv":[8.5,6.25,11.5,7.5],"texture":"#3"},"up":{"uv":[6,8,3.5,5],"texture":"#3"},"down":{"uv":[8.5,5,6,8],"texture":"#3"}}},{"from":[4,-0.13056,-0.21379],"to":[12,-0.13056,2.78621],"rotation":{"angle":22.5,"axis":"x","origin":[8,2.961,8]},"faces":{"north":{"uv":[0,0,2,0],"texture":"#3"},"east":{"uv":[0,0,0.75,0],"texture":"#3"},"south":{"uv":[0,0,2,0],"texture":"#3"},"west":{"uv":[0,0,0.75,0],"texture":"#3"},"up":{"uv":[14.75,0.75,12.75,0],"texture":"#3"},"down":{"uv":[14.75,0.75,12.75,1.5],"texture":"#3"}}},{"from":[4,3.24797,-5.77126],"to":[12,3.24797,-0.77126],"rotation":{"angle":0,"axis":"y","origin":[8,2.961,8]},"faces":{"north":{"uv":[0,0,2,0],"texture":"#3"},"east":{"uv":[0,0,1.25,0],"texture":"#3"},"south":{"uv":[0,0,2,0],"texture":"#3"},"west":{"uv":[0,0,1.25,0],"texture":"#3"},"up":{"uv":[12,8.75,10,7.5],"texture":"#3"},"down":{"uv":[4.5,10.25,2.5,11.5],"texture":"#3"}}},{"from":[4,3.24797,16.77126],"to":[12,3.24797,21.77126],"rotation":{"angle":0,"axis":"y","origin":[8,2.961,8]},"faces":{"north":{"uv":[0,0,2,0],"texture":"#3"},"east":{"uv":[0,0,1.25,0],"texture":"#3"},"south":{"uv":[0,0,2,0],"texture":"#3"},"west":{"uv":[0,0,1.25,0],"texture":"#3"},"up":{"uv":[6.5,11.5,4.5,10.25],"texture":"#3"},"down":{"uv":[8.5,10.25,6.5,11.5],"texture":"#3"}}},{"from":[4,-0.13056,13.21379],"to":[12,-0.13056,16.21379],"rotation":{"angle":-22.5,"axis":"x","origin":[8,2.961,8]},"faces":{"north":{"uv":[0,0,2,0],"texture":"#3"},"east":{"uv":[0,0,0.75,0],"texture":"#3"},"south":{"uv":[0,0,2,0],"texture":"#3"},"west":{"uv":[0,0,0.75,0],"texture":"#3"},"up":{"uv":[14.75,2.25,12.75,1.5],"texture":"#3"},"down":{"uv":[14.75,2.25,12.75,3],"texture":"#3"}}},{"from":[13.21379,-0.13056,4],"to":[16.21379,-0.13056,12],"rotation":{"angle":22.5,"axis":"z","origin":[8,2.961,8]},"faces":{"north":{"uv":[0,0,0.75,0],"texture":"#3"},"east":{"uv":[0,0,2,0],"texture":"#3"},"south":{"uv":[0,0,0.75,0],"texture":"#3"},"west":{"uv":[0,0,2,0],"texture":"#3"},"up":{"uv":[4.5,14.75,3.75,12.75],"texture":"#3"},"down":{"uv":[5.25,12.75,4.5,14.75],"texture":"#3"}}},{"from":[16.77126,3.24797,4],"to":[21.77126,3.24797,12],"rotation":{"angle":0,"axis":"y","origin":[8,2.961,8]},"faces":{"north":{"uv":[0,0,1.25,0],"texture":"#3"},"east":{"uv":[0,0,2,0],"texture":"#3"},"south":{"uv":[0,0,1.25,0],"texture":"#3"},"west":{"uv":[0,0,2,0],"texture":"#3"},"up":{"uv":[9.75,12.25,8.5,10.25],"texture":"#3"},"down":{"uv":[11,10.25,9.75,12.25],"texture":"#3"}}},{"from":[-0.21379,-0.13056,4],"to":[2.78621,-0.13056,12],"rotation":{"angle":-22.5,"axis":"z","origin":[8,2.961,8]},"faces":{"north":{"uv":[0,0,0.75,0],"texture":"#3"},"east":{"uv":[0,0,2,0],"texture":"#3"},"south":{"uv":[0,0,0.75,0],"texture":"#3"},"west":{"uv":[0,0,2,0],"texture":"#3"},"up":{"uv":[6,14.75,5.25,12.75],"texture":"#3"},"down":{"uv":[6.75,12.75,6,14.75],"texture":"#3"}}},{"from":[-5.77126,3.24797,4],"to":[-0.77126,3.24797,12],"rotation":{"angle":0,"axis":"y","origin":[8,2.961,8]},"faces":{"north":{"uv":[0,0,1.25,0],"texture":"#3"},"east":{"uv":[0,0,2,0],"texture":"#3"},"south":{"uv":[0,0,1.25,0],"texture":"#3"},"west":{"uv":[0,0,2,0],"texture":"#3"},"up":{"uv":[1.25,13,0,11],"texture":"#3"},"down":{"uv":[2.5,11,1.25,13],"texture":"#3"}}},{"from":[12.8196,2.2409,4.39419],"to":[15.8196,2.2409,12.39419],"rotation":{"angle":-45,"axis":"y","origin":[7.60581,-0.41754,8.39419]},"faces":{"north":{"uv":[0,0,0.75,0],"texture":"#3"},"east":{"uv":[0,0,2,0],"texture":"#3"},"south":{"uv":[0,0,0.75,0],"texture":"#3"},"west":{"uv":[0,0,2,0],"texture":"#3"},"up":{"uv":[7.5,14.75,6.75,12.75],"texture":"#3"},"down":{"uv":[12.5,12.75,11.75,14.75],"texture":"#3"}}},{"from":[15.98288,2.2409,4],"to":[20.98288,2.2409,12],"rotation":{"angle":-45,"axis":"y","origin":[7.21162,-3.79607,8]},"faces":{"north":{"uv":[0,0,1.25,0],"texture":"#3"},"east":{"uv":[0,0,2,0],"texture":"#3"},"south":{"uv":[0,0,1.25,0],"texture":"#3"},"west":{"uv":[0,0,2,0],"texture":"#3"},"up":{"uv":[12.25,12.25,11,10.25],"texture":"#3"},"down":{"uv":[12.75,0,11.5,2],"texture":"#3"}}},{"from":[-0.60798,2.2409,4.39419],"to":[2.39202,2.2409,12.39419],"rotation":{"angle":-45,"axis":"y","origin":[7.60581,-0.41754,8.39419]},"faces":{"north":{"uv":[0,0,0.75,0],"texture":"#3"},"east":{"uv":[0,0,2,0],"texture":"#3"},"south":{"uv":[0,0,0.75,0],"texture":"#3"},"west":{"uv":[0,0,2,0],"texture":"#3"},"up":{"uv":[13.25,14.75,12.5,12.75],"texture":"#3"},"down":{"uv":[0.75,13,0,15],"texture":"#3"}}},{"from":[-5.77126,2.2409,4.78838],"to":[-0.77126,2.2409,12.78838],"rotation":{"angle":-45,"axis":"y","origin":[8,-3.79607,8.78838]},"faces":{"north":{"uv":[0,0,1.25,0],"texture":"#3"},"east":{"uv":[0,0,2,0],"texture":"#3"},"south":{"uv":[0,0,1.25,0],"texture":"#3"},"west":{"uv":[0,0,2,0],"texture":"#3"},"up":{"uv":[12.75,4,11.5,2],"texture":"#3"},"down":{"uv":[3.75,11.5,2.5,13.5],"texture":"#3"}}},{"from":[3.60581,2.2409,13.60798],"to":[11.60581,2.2409,16.60798],"rotation":{"angle":-45,"axis":"y","origin":[7.60581,-0.41754,8.39419]},"faces":{"north":{"uv":[0,0,2,0],"texture":"#3"},"east":{"uv":[0,0,0.75,0],"texture":"#3"},"south":{"uv":[0,0,2,0],"texture":"#3"},"west":{"uv":[0,0,0.75,0],"texture":"#3"},"up":{"uv":[14.75,3.75,12.75,3],"texture":"#3"},"down":{"uv":[15,8.5,13,9.25],"texture":"#3"}}},{"from":[4,2.2409,16.77126],"to":[12,2.2409,21.77126],"rotation":{"angle":-45,"axis":"y","origin":[8,-3.79607,8]},"faces":{"north":{"uv":[0,0,2,0],"texture":"#3"},"east":{"uv":[0,0,1.25,0],"texture":"#3"},"south":{"uv":[0,0,2,0],"texture":"#3"},"west":{"uv":[0,0,1.25,0],"texture":"#3"},"up":{"uv":[5.75,12.75,3.75,11.5],"texture":"#3"},"down":{"uv":[13.5,4,11.5,5.25],"texture":"#3"}}},{"from":[3.60581,2.2409,0.1804],"to":[11.60581,2.2409,3.1804],"rotation":{"angle":-45,"axis":"y","origin":[7.60581,-0.41754,8.39419]},"faces":{"north":{"uv":[0,0,2,0],"texture":"#3"},"east":{"uv":[0,0,0.75,0],"texture":"#3"},"south":{"uv":[0,0,2,0],"texture":"#3"},"west":{"uv":[0,0,0.75,0],"texture":"#3"},"up":{"uv":[15,10,13,9.25],"texture":"#3"},"down":{"uv":[9.5,13.25,7.5,14],"texture":"#3"}}},{"from":[3.21162,2.2409,-4.98288],"to":[11.21162,2.2409,0.01712],"rotation":{"angle":-45,"axis":"y","origin":[7.21162,-3.79607,8.78838]},"faces":{"north":{"uv":[0,0,2,0],"texture":"#3"},"east":{"uv":[0,0,1.25,0],"texture":"#3"},"south":{"uv":[0,0,2,0],"texture":"#3"},"west":{"uv":[0,0,1.25,0],"texture":"#3"},"up":{"uv":[13.5,6.5,11.5,5.25],"texture":"#3"},"down":{"uv":[7.75,11.5,5.75,12.75],"texture":"#3"}}},{"from":[13.21379,2.36944,4],"to":[16.21379,2.36944,12],"rotation":{"angle":45,"axis":"y","origin":[8,2.461,8]},"faces":{"north":{"uv":[0,0,0.75,0],"texture":"#3"},"east":{"uv":[0,0,2,0],"texture":"#3"},"south":{"uv":[0,0,0.75,0],"texture":"#3"},"west":{"uv":[0,0,2,0],"texture":"#3"},"up":{"uv":[1.5,15,0.75,13],"texture":"#3"},"down":{"uv":[2.25,13,1.5,15],"texture":"#3"}}},{"from":[1,0,1],"to":[15,2,15],"rotation":{"angle":0,"axis":"y","origin":[0,1,0]},"faces":{"north":{"uv":[12,8,15.5,8.5],"texture":"#3"},"east":{"uv":[12.25,11.25,15.75,11.75],"texture":"#3"},"south":{"uv":[11.75,12.25,15.25,12.75],"texture":"#3"},"west":{"uv":[12.25,11.75,15.75,12.25],"texture":"#3"},"up":{"uv":[3.5,3.5,0,0],"texture":"#3"},"down":{"uv":[3.5,3.5,0,7],"texture":"#3"}}}],"gui_light":"front","display":{"thirdperson_righthand":{"rotation":[60,18,0],"translation":[-0.75,3.5,0.25],"scale":[0.5,0.5,0.5]},"thirdperson_lefthand":{"rotation":[60,18,0],"translation":[-0.75,3.5,0.25],"scale":[0.5,0.5,0.5]},"firstperson_righthand":{"rotation":[0,117,0],"translation":[8,2.5,-10]},"firstperson_lefthand":{"rotation":[0,117,0],"translation":[8,2.5,-10]},"ground":{"translation":[0,4.25,0],"scale":[0.68164,0.68164,0.68164]},"gui":{"rotation":[22.5,145,0],"translation":[-0.25,0,0],"scale":[0.63867,0.63867,0.63867]},"head":{"translation":[0,13.5,0],"scale":[1.22461,1.22461,1.22461]},"fixed":{"rotation":[-90,0,0],"translation":[0,1.25,-14],"scale":[1.63672,1.63672,1.63672]}}}