{"credit":"Made with Blockbench","texture_size":[48,48],"textures":{"1":"juicy_fruity:watermelon_helmet"},"elements":[{"from":[8,13.5,8],"to":[8,18.5,13],"rotation":{"angle":-22.5,"axis":"x","origin":[7.75,15.75,8.5]},"faces":{"north":{"uv":[0,0,0,1.66667],"texture":"#1"},"east":{"uv":[11.66667,5.66667,10,7.33333],"texture":"#1"},"south":{"uv":[0,0,0,1.66667],"texture":"#1"},"west":{"uv":[10,5.66667,11.66667,7.33333],"texture":"#1"},"up":{"uv":[0,1.66667,0,0],"texture":"#1"},"down":{"uv":[0,0,0,1.66667],"texture":"#1"}}},{"from":[13,0,8],"to":[15,10,14],"faces":{"north":{"uv":[7.33333,10,8,13.33333],"texture":"#1"},"east":{"uv":[4,6.66667,6,10],"texture":"#1"},"south":{"uv":[2,10.66667,2.66667,14],"texture":"#1"},"west":{"uv":[6,6.66667,8,10],"texture":"#1"},"up":{"uv":[6,13.66667,5.33333,11.66667],"texture":"#1"},"down":{"uv":[6.66667,11.66667,6,13.66667],"texture":"#1"}}},{"from":[2,10,2],"to":[14,12,14],"faces":{"north":{"uv":[10,7.33333,14,8],"texture":"#1"},"east":{"uv":[10,8,14,8.66667],"texture":"#1"},"south":{"uv":[10,8.66667,14,9.33333],"texture":"#1"},"west":{"uv":[10,9.33333,14,10],"texture":"#1"},"up":{"uv":[4,4,0,0],"texture":"#1"},"down":{"uv":[4,4,0,8],"texture":"#1"}}},{"from":[2,7,1],"to":[14,10,2],"faces":{"north":{"uv":[10,0,14,1],"texture":"#1"},"east":{"uv":[13,6,13.33333,7],"texture":"#1"},"south":{"uv":[10,1,14,2],"texture":"#1"},"west":{"uv":[11.33333,13,11.66667,14],"texture":"#1"},"up":{"uv":[12,12.33333,8,12],"texture":"#1"},"down":{"uv":[16,11.33333,12,11.66667],"texture":"#1"}}},{"from":[7,12,7],"to":[9,14,9],"faces":{"north":{"uv":[12.33333,6.66667,13,7.33333],"texture":"#1"},"east":{"uv":[11.33333,12.33333,12,13],"texture":"#1"},"south":{"uv":[12.66667,11.66667,13.33333,12.33333],"texture":"#1"},"west":{"uv":[12.66667,12.33333,13.33333,13],"texture":"#1"},"up":{"uv":[13.66667,5.33333,13,4.66667],"texture":"#1"},"down":{"uv":[13.66667,5.33333,13,6],"texture":"#1"}}},{"from":[7.25,14,7.25],"to":[8.75,16,8.75],"faces":{"north":{"uv":[12.66667,13,13.16667,13.66667],"texture":"#1"},"east":{"uv":[13.33333,6,13.83333,6.66667],"texture":"#1"},"south":{"uv":[13.33333,6.66667,13.83333,7.33333],"texture":"#1"},"west":{"uv":[7.33333,13.33333,7.83333,14],"texture":"#1"},"up":{"uv":[10.5,13.83333,10,13.33333],"texture":"#1"},"down":{"uv":[11.16667,13.33333,10.66667,13.83333],"texture":"#1"}}},{"from":[1,0,8],"to":[3,10,14],"faces":{"north":{"uv":[2.66667,10.66667,3.33333,14],"texture":"#1"},"east":{"uv":[0,8,2,11.33333],"texture":"#1"},"south":{"uv":[3.33333,10.66667,4,14],"texture":"#1"},"west":{"uv":[8,0,10,3.33333],"texture":"#1"},"up":{"uv":[7.33333,13.66667,6.66667,11.66667],"texture":"#1"},"down":{"uv":[12.66667,11.66667,12,13.66667],"texture":"#1"}}},{"from":[13,2,2],"to":[15,10,8],"faces":{"north":{"uv":[1.33333,11.33333,2,14],"texture":"#1"},"east":{"uv":[2,8,4,10.66667],"texture":"#1"},"south":{"uv":[4,11.66667,4.66667,14.33333],"texture":"#1"},"west":{"uv":[8,3.33333,10,6],"texture":"#1"},"up":{"uv":[13,6.66667,12.33333,4.66667],"texture":"#1"},"down":{"uv":[8.66667,12.33333,8,14.33333],"texture":"#1"}}},{"from":[1,2,2],"to":[3,10,8],"faces":{"north":{"uv":[4.66667,11.66667,5.33333,14.33333],"texture":"#1"},"east":{"uv":[8,6,10,8.66667],"texture":"#1"},"south":{"uv":[11.66667,4.66667,12.33333,7.33333],"texture":"#1"},"west":{"uv":[8,8.66667,10,11.33333],"texture":"#1"},"up":{"uv":[9.33333,14.33333,8.66667,12.33333],"texture":"#1"},"down":{"uv":[10,12.33333,9.33333,14.33333],"texture":"#1"}}},{"from":[2,0,13],"to":[14,10,15],"faces":{"north":{"uv":[4,0,8,3.33333],"texture":"#1"},"east":{"uv":[0,11.33333,0.66667,14.66667],"texture":"#1"},"south":{"uv":[4,3.33333,8,6.66667],"texture":"#1"},"west":{"uv":[0.66667,11.33333,1.33333,14.66667],"texture":"#1"},"up":{"uv":[14,10.66667,10,10],"texture":"#1"},"down":{"uv":[14,10.66667,10,11.33333],"texture":"#1"}}}],"gui_light":"front","display":{"thirdperson_righthand":{"rotation":[60,18,0],"translation":[-0.75,3.75,0],"scale":[0.5,0.5,0.5]},"thirdperson_lefthand":{"rotation":[60,18,0],"translation":[-0.75,3.75,0],"scale":[0.5,0.5,0.5]},"firstperson_righthand":{"rotation":[0,117,0],"translation":[6.5,1.5,-10],"scale":[1.19922,1.19922,1.19922]},"firstperson_lefthand":{"rotation":[0,117,0],"translation":[6.5,1.5,-10],"scale":[1.19922,1.19922,1.19922]},"ground":{"translation":[0,4.25,0],"scale":[0.68164,0.68164,0.68164]},"gui":{"rotation":[19,145,0],"translation":[0,-1.25,0],"scale":[0.69922,0.69922,0.69922]},"head":{"translation":[0,3,0],"scale":[1.22461,1.22461,1.22461]},"fixed":{"rotation":[-84,0,0],"translation":[0,1.25,-15],"scale":[1.63672,1.63672,1.63672]}}}