{"credit":"Made with Blockbench","texture_size":[48,48],"textures":{"0":"juicy_fruity:watermelon_hammer","particle":"juicy_fruity:watermelon_hammer"},"elements":[{"from":[5,15,11],"to":[11,16,16],"rotation":{"angle":0,"axis":"y","origin":[8,7.42678,8]},"faces":{"north":{"uv":[12.66667,0.66667,14.66667,1],"texture":"#0"},"east":{"uv":[13,3.33333,14.66667,3.66667],"texture":"#0"},"south":{"uv":[12.66667,1,14.66667,1.33333],"texture":"#0"},"west":{"uv":[13,7,14.66667,7.33333],"texture":"#0"},"up":{"uv":[12,1.66667,10,0],"texture":"#0"},"down":{"uv":[12,9,10,10.66667],"texture":"#0"}}},{"from":[4,16,10],"to":[12,24,16],"rotation":{"angle":0,"axis":"y","origin":[8,7.42678,8]},"faces":{"north":{"uv":[2.66667,0,5.33333,2.66667],"texture":"#0"},"east":{"uv":[4.66667,5.33333,6.66667,8],"texture":"#0"},"south":{"uv":[2.66667,2.66667,5.33333,5.33333],"texture":"#0"},"west":{"uv":[6.66667,4.66667,8.66667,7.33333],"texture":"#0"},"up":{"uv":[10,2,7.33333,0],"texture":"#0"},"down":{"uv":[4.66667,7.33333,2,9.33333],"texture":"#0"}}},{"from":[12,17,11],"to":[13,23,16],"rotation":{"angle":0,"axis":"y","origin":[8,7.42678,8]},"faces":{"north":{"uv":[8.66667,12.66667,9,14.66667],"texture":"#0"},"east":{"uv":[10,10.66667,11.66667,12.66667],"texture":"#0"},"south":{"uv":[9,12.66667,9.33333,14.66667],"texture":"#0"},"west":{"uv":[1.66667,11,3.33333,13],"texture":"#0"},"up":{"uv":[4.66667,14.66667,4.33333,13],"texture":"#0"},"down":{"uv":[13.33333,7.33333,13,9],"texture":"#0"}}},{"from":[3,17,11],"to":[4,23,16],"rotation":{"angle":0,"axis":"y","origin":[8,7.42678,8]},"faces":{"north":{"uv":[9.33333,12.66667,9.66667,14.66667],"texture":"#0"},"east":{"uv":[11,7,12.66667,9],"texture":"#0"},"south":{"uv":[9.66667,12.66667,10,14.66667],"texture":"#0"},"west":{"uv":[11.33333,1.66667,13,3.66667],"texture":"#0"},"up":{"uv":[10.33333,14.66667,10,13],"texture":"#0"},"down":{"uv":[10.66667,13,10.33333,14.66667],"texture":"#0"}}},{"from":[5,24,11],"to":[11,25,16],"rotation":{"angle":0,"axis":"y","origin":[8,7.42678,8]},"faces":{"north":{"uv":[12.66667,9,14.66667,9.33333],"texture":"#0"},"east":{"uv":[13,12,14.66667,12.33333],"texture":"#0"},"south":{"uv":[12.66667,9.33333,14.66667,9.66667],"texture":"#0"},"west":{"uv":[13,12.33333,14.66667,12.66667],"texture":"#0"},"up":{"uv":[13.33333,5.33333,11.33333,3.66667],"texture":"#0"},"down":{"uv":[13.33333,5.33333,11.33333,7],"texture":"#0"}}},{"from":[5,24,0],"to":[11,25,5],"rotation":{"angle":0,"axis":"y","origin":[8,7.42678,8]},"faces":{"north":{"uv":[14.66667,9.33333,12.66667,9.66667],"texture":"#0"},"east":{"uv":[14.66667,12,13,12.33333],"texture":"#0"},"south":{"uv":[14.66667,9,12.66667,9.33333],"texture":"#0"},"west":{"uv":[14.66667,12.33333,13,12.66667],"texture":"#0"},"up":{"uv":[13.33333,3.66667,11.33333,5.33333],"texture":"#0"},"down":{"uv":[13.33333,7,11.33333,5.33333],"texture":"#0"}}},{"from":[3,17,0],"to":[4,23,5],"rotation":{"angle":0,"axis":"y","origin":[8,7.42678,8]},"faces":{"north":{"uv":[10,12.66667,9.66667,14.66667],"texture":"#0"},"east":{"uv":[12.66667,7,11,9],"texture":"#0"},"south":{"uv":[9.66667,12.66667,9.33333,14.66667],"texture":"#0"},"west":{"uv":[13,1.66667,11.33333,3.66667],"texture":"#0"},"up":{"uv":[10.33333,13,10,14.66667],"texture":"#0"},"down":{"uv":[10.66667,14.66667,10.33333,13],"texture":"#0"}}},{"from":[12,17,0],"to":[13,23,5],"rotation":{"angle":0,"axis":"y","origin":[8,7.42678,8]},"faces":{"north":{"uv":[9.33333,12.66667,9,14.66667],"texture":"#0"},"east":{"uv":[11.66667,10.66667,10,12.66667],"texture":"#0"},"south":{"uv":[9,12.66667,8.66667,14.66667],"texture":"#0"},"west":{"uv":[3.33333,11,1.66667,13],"texture":"#0"},"up":{"uv":[4.66667,13,4.33333,14.66667],"texture":"#0"},"down":{"uv":[13.33333,9,13,7.33333],"texture":"#0"}}},{"from":[4,16,0],"to":[12,24,6],"rotation":{"angle":0,"axis":"y","origin":[8,7.42678,8]},"faces":{"north":{"uv":[5.33333,2.66667,2.66667,5.33333],"texture":"#0"},"east":{"uv":[6.66667,5.33333,4.66667,8],"texture":"#0"},"south":{"uv":[5.33333,0,2.66667,2.66667],"texture":"#0"},"west":{"uv":[8.66667,4.66667,6.66667,7.33333],"texture":"#0"},"up":{"uv":[10,0,7.33333,2],"texture":"#0"},"down":{"uv":[4.66667,9.33333,2,7.33333],"texture":"#0"}}},{"from":[5,15,0],"to":[11,16,5],"rotation":{"angle":0,"axis":"y","origin":[8,7.42678,8]},"faces":{"north":{"uv":[14.66667,1,12.66667,1.33333],"texture":"#0"},"east":{"uv":[14.66667,3.33333,13,3.66667],"texture":"#0"},"south":{"uv":[14.66667,0.66667,12.66667,1],"texture":"#0"},"west":{"uv":[14.66667,7,13,7.33333],"texture":"#0"},"up":{"uv":[12,0,10,1.66667],"texture":"#0"},"down":{"uv":[12,10.66667,10,9],"texture":"#0"}}},{"from":[5,17,6],"to":[11,23,10],"rotation":{"angle":0,"axis":"y","origin":[8,7.42678,8]},"faces":{"north":{"uv":[6.66667,7.33333,8.66667,9.33333],"texture":"#0"},"east":{"uv":[3.33333,11,4.66667,13],"texture":"#0"},"south":{"uv":[0,8,2,10],"texture":"#0"},"west":{"uv":[6.66667,11.33333,8,13.33333],"texture":"#0"},"up":{"uv":[10,12.66667,8,11.33333],"texture":"#0"},"down":{"uv":[13.66667,10.66667,11.66667,12],"texture":"#0"}}},{"from":[7,13,7],"to":[9,17,9],"rotation":{"angle":0,"axis":"y","origin":[8,7.42678,8]},"faces":{"north":{"uv":[4,9.33333,4.66667,10.66667],"texture":"#0"},"east":{"uv":[12,0,12.66667,1.33333],"texture":"#0"},"south":{"uv":[12,9,12.66667,10.33333],"texture":"#0"},"west":{"uv":[12.33333,12,13,13.33333],"texture":"#0"},"up":{"uv":[6,5.33333,5.33333,4.66667],"texture":"#0"},"down":{"uv":[6.66667,4.66667,6,5.33333],"texture":"#0"}}},{"from":[7,-5.64582,19.07259],"to":[9,-3.64582,21.07259],"rotation":{"angle":45,"axis":"x","origin":[8,7.42678,8]},"faces":{"north":{"uv":[7.33333,2,8,2.66667],"texture":"#0"},"east":{"uv":[8,4,8.66667,4.66667],"texture":"#0"},"south":{"uv":[10.66667,13,11.33333,13.66667],"texture":"#0"},"west":{"uv":[13,12.66667,13.66667,13.33333],"texture":"#0"},"up":{"uv":[2.33333,14,1.66667,13.33333],"texture":"#0"},"down":{"uv":[14,1.66667,13.33333,2.33333],"texture":"#0"}}},{"from":[7,2,7],"to":[9,8,9],"rotation":{"angle":0,"axis":"y","origin":[8,7.42678,8]},"faces":{"north":{"uv":[8,2,8.66667,4],"texture":"#0"},"east":{"uv":[0,12,0.66667,14],"texture":"#0"},"south":{"uv":[0.66667,12,1.33333,14],"texture":"#0"},"west":{"uv":[11.66667,12,12.33333,14],"texture":"#0"},"up":{"uv":[3,14,2.33333,13.33333],"texture":"#0"},"down":{"uv":[14,2.33333,13.33333,3],"texture":"#0"}}},{"from":[7.25,-9,7.25],"to":[8.75,13,8.75],"rotation":{"angle":0,"axis":"y","origin":[8,7.42678,8]},"faces":{"north":{"uv":[4.66667,8,5.16667,15.33333],"texture":"#0"},"east":{"uv":[5.33333,8,5.83333,15.33333],"texture":"#0"},"south":{"uv":[6,8,6.5,15.33333],"texture":"#0"},"west":{"uv":[8.66667,2,9.16667,9.33333],"texture":"#0"},"up":{"uv":[13.83333,4.16667,13.33333,3.66667],"texture":"#0"},"down":{"uv":[13.83333,4.33333,13.33333,4.83333],"texture":"#0"}}}],"gui_light":"front","display":{"thirdperson_righthand":{"rotation":[20.5,0,0],"translation":[0.25,3.25,2.75],"scale":[0.75,0.75,0.75]},"thirdperson_lefthand":{"rotation":[20.5,0,0],"translation":[0.25,3.25,2.75],"scale":[0.75,0.75,0.75]},"firstperson_righthand":{"rotation":[-12,9,7],"translation":[8.75,-0.5,-10.25]},"firstperson_lefthand":{"rotation":[-12,9,7],"translation":[8.75,-0.5,-10.25]},"ground":{"rotation":[0,0,81],"translation":[0,2.5,0],"scale":[0.57227,0.57227,0.57227]},"gui":{"rotation":[106,-47,90],"translation":[1,-1,0],"scale":[0.48438,0.48438,0.48438]},"head":{"scale":[0,0,0]},"fixed":{"rotation":[0,90,-4],"translation":[0,1.25,-6.25],"scale":[1.55469,1.55469,1.55469]}}}