{"texture_size":[64,64],"textures":{"2":"adventurer_warhammers:item/spike_warhammer"},"elements":[{"from":[7.02,-8.88,7.02],"to":[8.98,16.08,8.98],"rotation":{"angle":0,"axis":"y","origin":[8,26.6,7.5]},"faces":{"north":{"uv":[11,5.25,11.5,11.5],"texture":"#2"},"east":{"uv":[10.75,5.25,11.25,11.5],"texture":"#2"},"south":{"uv":[11.5,5.25,12,11.5],"texture":"#2"},"west":{"uv":[11.25,5.25,11.75,11.5],"texture":"#2"}}},{"from":[1.5,18,5],"to":[14.5,26,11],"rotation":{"angle":0,"axis":"y","origin":[8,22.85,8]},"faces":{"north":{"uv":[9.5,2.75,12.75,4.75],"texture":"#2"},"east":{"uv":[8,2.75,9.5,4.75],"texture":"#2"},"south":{"uv":[12.75,2.75,9.5,4.75],"texture":"#2"},"west":{"uv":[12.75,2.75,14.25,4.75],"texture":"#2"},"up":{"uv":[12.75,2.75,9.5,1.25],"texture":"#2"},"down":{"uv":[16,1.25,12.75,2.75],"texture":"#2"}}},{"from":[4.5,23.9,6],"to":[9.5,28.9,10],"rotation":{"angle":45,"axis":"z","origin":[8,27.4,8]},"faces":{"north":{"uv":[12,5.75,13.25,7],"texture":"#2"},"east":{"uv":[12,5.75,12.25,7],"texture":"#2"},"south":{"uv":[13.25,5.75,12,7],"texture":"#2"},"up":{"uv":[13.25,5.75,12,6],"texture":"#2"}}},{"from":[12.7,20.5,6],"to":[16.7,24.5,10],"rotation":{"angle":45,"axis":"z","origin":[15.2,22,8]},"faces":{"north":{"uv":[12,7.75,13,8.75],"texture":"#2"},"east":{"uv":[12,7.75,12.25,8.75],"texture":"#2"},"south":{"uv":[13,7.75,12,8.75],"texture":"#2"},"down":{"uv":[13,8.5,12,8.75],"texture":"#2"}}},{"from":[-0.49289,20,6],"to":[3.50711,24,10],"rotation":{"angle":45,"axis":"z","origin":[1.50711,22,8]},"faces":{"north":{"uv":[14,5.75,15,6.75],"texture":"#2"},"south":{"uv":[15,5.75,14,6.75],"texture":"#2"},"west":{"uv":[14.75,5.75,15,6.75],"texture":"#2"},"up":{"uv":[15,5.75,14,6],"texture":"#2"}}},{"from":[6.5,-11.9,6.5],"to":[9.5,-8.9,9.5],"rotation":{"angle":0,"axis":"y","origin":[8,23.6,7.5]},"faces":{"north":{"uv":[11,11.5,11.75,12.25],"texture":"#2"},"east":{"uv":[10.25,11.5,11,12.25],"texture":"#2"},"south":{"uv":[11.75,11.5,11,12.25],"texture":"#2"},"west":{"uv":[11.75,11.5,12.5,12.25],"texture":"#2"},"up":{"uv":[13.25,11.5,12.5,12.25],"texture":"#2"},"down":{"uv":[11.75,12.25,11,13],"texture":"#2"}}},{"from":[5.5,16,6.5],"to":[10.5,18,9.5],"rotation":{"angle":0,"axis":"y","origin":[8,50.6,7.5]},"faces":{"north":{"uv":[10.5,4.75,11.75,5.25],"texture":"#2"},"east":{"uv":[10.5,4.75,10.75,5.25],"texture":"#2"},"south":{"uv":[11.75,4.75,10.5,5.25],"texture":"#2"},"west":{"uv":[11.5,4.75,11.75,5.25],"texture":"#2"},"down":{"uv":[11.75,5,10.5,5.25],"texture":"#2"}}}],"gui_light":"front","display":{"thirdperson_righthand":{"rotation":[-10,-90,0],"translation":[0,-1.5,2],"scale":[0.8,0.8,0.8]},"thirdperson_lefthand":{"rotation":[-10,90,0],"translation":[0,-1.5,2],"scale":[0.8,0.8,0.8]},"firstperson_righthand":{"rotation":[21,-90,0],"translation":[4,-3.5,-2.5],"scale":[0.6,0.6,0.6]},"firstperson_lefthand":{"rotation":[21,90,0],"translation":[4,-3.5,-2.5],"scale":[0.6,0.6,0.6]},"ground":{"rotation":[0,0,-45],"translation":[0,4,0],"scale":[0.35,0.35,0.35]},"gui":{"rotation":[0,0,-45],"translation":[-0.5,-0.5,0],"scale":[0.5,0.5,0.5]},"head":{"rotation":[-45,-90,0],"translation":[0.25,7,-2.75],"scale":[0.6,0.6,0.6]},"fixed":{"rotation":[0,-180,-45],"translation":[0.75,-0.75,0],"scale":[0.5,0.5,0.5]}}}