{"providers":[{"file":"char/black.png","chars":[""],"height":1,"ascent":-5000,"type":"bitmap"},{"file":"char/black.png","chars":[""],"height":2,"ascent":-5000,"type":"bitmap"},{"file":"char/black.png","chars":[""],"height":3,"ascent":-5000,"type":"bitmap"},{"file":"char/black.png","chars":[""],"height":4,"ascent":-5000,"type":"bitmap"},{"file":"char/black.png","chars":[""],"height":5,"ascent":-5000,"type":"bitmap"},{"file":"char/black.png","chars":[""],"height":6,"ascent":-5000,"type":"bitmap"},{"file":"char/black.png","chars":[""],"height":7,"ascent":-5000,"type":"bitmap"},{"file":"char/black.png","chars":[""],"height":15,"ascent":-5000,"type":"bitmap"},{"file":"char/black.png","chars":[""],"height":31,"ascent":-5000,"type":"bitmap"},{"file":"char/black.png","chars":[""],"height":63,"ascent":-5000,"type":"bitmap"},{"file":"char/black.png","chars":[""],"height":127,"ascent":-5000,"type":"bitmap"},{"file":"char/black.png","chars":[""],"height":256,"ascent":-5000,"type":"bitmap"},{"file":"char/black.png","chars":[""],"height":512,"ascent":-5000,"type":"bitmap"},{"file":"char/black.png","chars":[""],"height":1024,"ascent":-5000,"type":"bitmap"},{"file":"char/black.png","chars":[""],"height":-3,"ascent":-5000,"type":"bitmap"},{"file":"char/black.png","chars":[""],"height":-4,"ascent":-5000,"type":"bitmap"},{"file":"char/black.png","chars":[""],"height":-5,"ascent":-5000,"type":"bitmap"},{"file":"char/black.png","chars":[""],"height":-6,"ascent":-5000,"type":"bitmap"},{"file":"char/black.png","chars":[""],"height":-7,"ascent":-5000,"type":"bitmap"},{"file":"char/black.png","chars":[""],"height":-8,"ascent":-5000,"type":"bitmap"},{"file":"char/black.png","chars":[""],"height":-9,"ascent":-5000,"type":"bitmap"},{"file":"char/black.png","chars":[""],"height":-10,"ascent":-5000,"type":"bitmap"},{"file":"char/black.png","chars":[""],"height":-18,"ascent":-5000,"type":"bitmap"},{"file":"char/black.png","chars":[""],"height":-34,"ascent":-5000,"type":"bitmap"},{"file":"char/black.png","chars":[""],"height":-66,"ascent":-5000,"type":"bitmap"},{"file":"char/black.png","chars":[""],"height":-130,"ascent":-5000,"type":"bitmap"},{"file":"char/black.png","chars":[""],"height":-259,"ascent":-5000,"type":"bitmap"},{"file":"char/black.png","chars":[""],"height":-515,"ascent":-5000,"type":"bitmap"},{"file":"char/black.png","chars":[""],"height":-1027,"ascent":-5000,"type":"bitmap"},{"file":"betterhud:chars/comma.png","chars":[""],"height":8,"ascent":-17,"type":"bitmap"},{"file":"betterhud:chars/dot.png","chars":[""],"height":8,"ascent":-16,"type":"bitmap"},{"file":"betterhud:chars/minus.png","chars":[""],"height":8,"ascent":-16,"type":"bitmap"},{"file":"betterhud:chars/low_line.png","chars":[""],"height":8,"ascent":-16,"type":"bitmap"},{"file":"betterhud:chars/exclamation_mark.png","chars":[""],"height":8,"ascent":-16,"type":"bitmap"},{"file":"betterhud:chars/question_mark.png","chars":[""],"height":8,"ascent":-16,"type":"bitmap"},{"file":"betterhud:chars/slash.png","chars":[""],"height":8,"ascent":-16,"type":"bitmap"},{"file":"betterhud:chars/back_slash.png","chars":[""],"height":8,"ascent":-16,"type":"bitmap"},{"file":"betterhud:chars/left_parenthesis.png","chars":[""],"height":8,"ascent":-16,"type":"bitmap"},{"file":"betterhud:chars/right_parenthesis.png","chars":[""],"height":8,"ascent":-16,"type":"bitmap"},{"file":"betterhud:chars/left_square_bracket.png","chars":[""],"height":8,"ascent":-16,"type":"bitmap"},{"file":"betterhud:chars/right_square_bracket.png","chars":[""],"height":8,"ascent":-16,"type":"bitmap"},{"file":"betterhud:chars/at.png","chars":[""],"height":8,"ascent":-16,"type":"bitmap"},{"file":"betterhud:chars/hashtag.png","chars":[""],"height":8,"ascent":-16,"type":"bitmap"},{"file":"betterhud:chars/colon.png","chars":[""],"height":8,"ascent":-16,"type":"bitmap"},{"file":"betterhud:chars/semicolon.png","chars":[""],"height":8,"ascent":-16,"type":"bitmap"},{"file":"betterhud:chars/plus.png","chars":[""],"height":8,"ascent":-16,"type":"bitmap"},{"file":"betterhud:chars/percent.png","chars":[""],"height":8,"ascent":-16,"type":"bitmap"},{"file":"betterhud:chars/equal.png","chars":[""],"height":8,"ascent":-16,"type":"bitmap"},{"file":"betterhud:chars/less_than.png","chars":[""],"height":8,"ascent":-16,"type":"bitmap"},{"file":"betterhud:chars/greater_than.png","chars":[""],"height":8,"ascent":-16,"type":"bitmap"},{"file":"betterhud:chars/asterisk.png","chars":[""],"height":8,"ascent":-16,"type":"bitmap"},{"file":"betterhud:integers/0.png","chars":[""],"height":8,"ascent":-16,"type":"bitmap"},{"file":"betterhud:integers/1.png","chars":[""],"height":8,"ascent":-16,"type":"bitmap"},{"file":"betterhud:integers/2.png","chars":[""],"height":8,"ascent":-16,"type":"bitmap"},{"file":"betterhud:integers/3.png","chars":[""],"height":8,"ascent":-16,"type":"bitmap"},{"file":"betterhud:integers/4.png","chars":[""],"height":8,"ascent":-16,"type":"bitmap"},{"file":"betterhud:integers/5.png","chars":[""],"height":8,"ascent":-16,"type":"bitmap"},{"file":"betterhud:integers/6.png","chars":[""],"height":8,"ascent":-16,"type":"bitmap"},{"file":"betterhud:integers/7.png","chars":[""],"height":8,"ascent":-16,"type":"bitmap"},{"file":"betterhud:integers/8.png","chars":[""],"height":8,"ascent":-16,"type":"bitmap"},{"file":"betterhud:integers/9.png","chars":[""],"height":8,"ascent":-16,"type":"bitmap"},{"file":"betterhud:chars/a.png","chars":[""],"height":8,"ascent":-16,"type":"bitmap"},{"file":"betterhud:chars/a-big.png","chars":[""],"height":8,"ascent":-16,"type":"bitmap"},{"file":"betterhud:chars/b.png","chars":[""],"height":8,"ascent":-16,"type":"bitmap"},{"file":"betterhud:chars/b-big.png","chars":[""],"height":8,"ascent":-16,"type":"bitmap"},{"file":"betterhud:chars/c.png","chars":[""],"height":8,"ascent":-16,"type":"bitmap"},{"file":"betterhud:chars/c-big.png","chars":[""],"height":8,"ascent":-16,"type":"bitmap"},{"file":"betterhud:chars/d.png","chars":[""],"height":8,"ascent":-16,"type":"bitmap"},{"file":"betterhud:chars/d-big.png","chars":[""],"height":8,"ascent":-16,"type":"bitmap"},{"file":"betterhud:chars/e.png","chars":[""],"height":8,"ascent":-16,"type":"bitmap"},{"file":"betterhud:chars/e-big.png","chars":[""],"height":8,"ascent":-16,"type":"bitmap"},{"file":"betterhud:chars/f.png","chars":[""],"height":8,"ascent":-16,"type":"bitmap"},{"file":"betterhud:chars/f-big.png","chars":[""],"height":8,"ascent":-16,"type":"bitmap"},{"file":"betterhud:chars/g.png","chars":[""],"height":8,"ascent":-17,"type":"bitmap"},{"file":"betterhud:chars/g-big.png","chars":[""],"height":8,"ascent":-16,"type":"bitmap"},{"file":"betterhud:chars/h.png","chars":[""],"height":8,"ascent":-16,"type":"bitmap"},{"file":"betterhud:chars/h-big.png","chars":[""],"height":8,"ascent":-16,"type":"bitmap"},{"file":"betterhud:chars/i.png","chars":[""],"height":8,"ascent":-16,"type":"bitmap"},{"file":"betterhud:chars/i-big.png","chars":[""],"height":8,"ascent":-16,"type":"bitmap"},{"file":"betterhud:chars/j.png","chars":[""],"height":8,"ascent":-17,"type":"bitmap"},{"file":"betterhud:chars/j-big.png","chars":[""],"height":8,"ascent":-16,"type":"bitmap"},{"file":"betterhud:chars/k.png","chars":[""],"height":8,"ascent":-16,"type":"bitmap"},{"file":"betterhud:chars/k-big.png","chars":[""],"height":8,"ascent":-16,"type":"bitmap"},{"file":"betterhud:chars/l.png","chars":[""],"height":8,"ascent":-16,"type":"bitmap"},{"file":"betterhud:chars/l-big.png","chars":[""],"height":8,"ascent":-16,"type":"bitmap"},{"file":"betterhud:chars/m.png","chars":[""],"height":8,"ascent":-16,"type":"bitmap"},{"file":"betterhud:chars/m-big.png","chars":[""],"height":8,"ascent":-16,"type":"bitmap"},{"file":"betterhud:chars/n.png","chars":[""],"height":8,"ascent":-16,"type":"bitmap"},{"file":"betterhud:chars/n-big.png","chars":[""],"height":8,"ascent":-16,"type":"bitmap"},{"file":"betterhud:chars/o.png","chars":[""],"height":8,"ascent":-16,"type":"bitmap"},{"file":"betterhud:chars/o-big.png","chars":[""],"height":8,"ascent":-16,"type":"bitmap"},{"file":"betterhud:chars/p.png","chars":[""],"height":8,"ascent":-17,"type":"bitmap"},{"file":"betterhud:chars/p-big.png","chars":[""],"height":8,"ascent":-16,"type":"bitmap"},{"file":"betterhud:chars/q.png","chars":[""],"height":8,"ascent":-17,"type":"bitmap"},{"file":"betterhud:chars/q-big.png","chars":[""],"height":8,"ascent":-16,"type":"bitmap"},{"file":"betterhud:chars/r.png","chars":[""],"height":8,"ascent":-16,"type":"bitmap"},{"file":"betterhud:chars/r-big.png","chars":[""],"height":8,"ascent":-16,"type":"bitmap"},{"file":"betterhud:chars/s.png","chars":[""],"height":8,"ascent":-16,"type":"bitmap"},{"file":"betterhud:chars/s-big.png","chars":[""],"height":8,"ascent":-16,"type":"bitmap"},{"file":"betterhud:chars/t.png","chars":[""],"height":8,"ascent":-16,"type":"bitmap"},{"file":"betterhud:chars/t-big.png","chars":[""],"height":8,"ascent":-16,"type":"bitmap"},{"file":"betterhud:chars/u.png","chars":[""],"height":8,"ascent":-16,"type":"bitmap"},{"file":"betterhud:chars/u-big.png","chars":[""],"height":8,"ascent":-16,"type":"bitmap"},{"file":"betterhud:chars/v.png","chars":[""],"height":8,"ascent":-16,"type":"bitmap"},{"file":"betterhud:chars/v-big.png","chars":[""],"height":8,"ascent":-16,"type":"bitmap"},{"file":"betterhud:chars/w.png","chars":[""],"height":8,"ascent":-16,"type":"bitmap"},{"file":"betterhud:chars/w-big.png","chars":[""],"height":8,"ascent":-16,"type":"bitmap"},{"file":"betterhud:chars/x.png","chars":[""],"height":8,"ascent":-16,"type":"bitmap"},{"file":"betterhud:chars/x-big.png","chars":[""],"height":8,"ascent":-16,"type":"bitmap"},{"file":"betterhud:chars/y.png","chars":[""],"height":8,"ascent":-17,"type":"bitmap"},{"file":"betterhud:chars/y-big.png","chars":[""],"height":8,"ascent":-16,"type":"bitmap"},{"file":"betterhud:chars/z.png","chars":[""],"height":8,"ascent":-16,"type":"bitmap"},{"file":"betterhud:chars/z-big.png","chars":[""],"height":8,"ascent":-16,"type":"bitmap"},{"file":"betterhud:images/example.png","chars":[""],"height":15,"ascent":-8,"type":"bitmap"},{"file":"rankicons:icons/1.png","chars":[""],"height":14,"ascent":10,"type":"bitmap"},{"file":"rankicons:icons/2.png","chars":[""],"height":14,"ascent":10,"type":"bitmap"},{"file":"rankicons:icons/3.png","chars":[""],"height":14,"ascent":10,"type":"bitmap"},{"file":"rankicons:icons/4.png","chars":[""],"height":14,"ascent":10,"type":"bitmap"},{"file":"rankicons:icons/5.png","chars":[""],"height":14,"ascent":10,"type":"bitmap"},{"file":"rankicons:icons/6.png","chars":[""],"height":14,"ascent":10,"type":"bitmap"},{"file":"rankicons:icons/7.png","chars":[""],"height":14,"ascent":10,"type":"bitmap"},{"file":"rankicons:icons/8.png","chars":[""],"height":14,"ascent":10,"type":"bitmap"},{"file":"rankicons:icons/9.png","chars":[""],"height":14,"ascent":10,"type":"bitmap"},{"file":"rankicons:icons/10.png","chars":[""],"height":14,"ascent":10,"type":"bitmap"},{"file":"rankicons:icons/11.png","chars":[""],"height":14,"ascent":10,"type":"bitmap"},{"file":"rankicons:icons/12.png","chars":[""],"height":14,"ascent":10,"type":"bitmap"},{"file":"rankicons:icons/13.png","chars":[""],"height":14,"ascent":10,"type":"bitmap"},{"file":"rankicons:icons/14.png","chars":[""],"height":14,"ascent":10,"type":"bitmap"},{"file":"rankicons:icons/15.png","chars":[""],"height":14,"ascent":10,"type":"bitmap"},{"file":"rankicons:icons/16.png","chars":[""],"height":14,"ascent":10,"type":"bitmap"},{"file":"rankicons:icons/17.png","chars":[""],"height":14,"ascent":10,"type":"bitmap"},{"file":"rankicons:icons/18.png","chars":[""],"height":14,"ascent":10,"type":"bitmap"},{"file":"rankicons:icons/19.png","chars":[""],"height":14,"ascent":10,"type":"bitmap"},{"file":"rankicons:icons/20.png","chars":[""],"height":14,"ascent":10,"type":"bitmap"},{"file":"rankicons:icons/21.png","chars":[""],"height":14,"ascent":10,"type":"bitmap"},{"file":"rankicons:icons/22.png","chars":[""],"height":14,"ascent":10,"type":"bitmap"},{"file":"rankicons:icons/23.png","chars":[""],"height":14,"ascent":10,"type":"bitmap"},{"file":"rankicons:icons/24.png","chars":[""],"height":14,"ascent":10,"type":"bitmap"},{"file":"rankicons:icons/25.png","chars":[""],"height":14,"ascent":10,"type":"bitmap"},{"file":"rankicons:icons/26.png","chars":[""],"height":14,"ascent":10,"type":"bitmap"},{"file":"rankicons:icons/27.png","chars":[""],"height":14,"ascent":10,"type":"bitmap"},{"file":"rankicons:icons/28.png","chars":[""],"height":14,"ascent":10,"type":"bitmap"},{"file":"rankicons:icons/29.png","chars":[""],"height":14,"ascent":10,"type":"bitmap"},{"file":"rankicons:icons/30.png","chars":[""],"height":14,"ascent":10,"type":"bitmap"},{"file":"rankicons:icons/31.png","chars":[""],"height":14,"ascent":10,"type":"bitmap"},{"file":"rankicons:icons/32.png","chars":[""],"height":14,"ascent":10,"type":"bitmap"},{"file":"rankicons:icons/33.png","chars":[""],"height":14,"ascent":10,"type":"bitmap"},{"file":"rankicons:icons/34.png","chars":[""],"height":14,"ascent":10,"type":"bitmap"},{"file":"rankicons:icons/35.png","chars":[""],"height":14,"ascent":10,"type":"bitmap"},{"file":"rankicons:icons/36.png","chars":[""],"height":14,"ascent":10,"type":"bitmap"},{"file":"rankicons:icons/37.png","chars":[""],"height":14,"ascent":10,"type":"bitmap"},{"file":"rankicons:icons/38.png","chars":[""],"height":14,"ascent":10,"type":"bitmap"},{"file":"rankicons:icons/39.png","chars":[""],"height":14,"ascent":10,"type":"bitmap"},{"file":"rankicons:icons/40.png","chars":[""],"height":14,"ascent":10,"type":"bitmap"},{"file":"rankicons:icons/41.png","chars":[""],"height":14,"ascent":10,"type":"bitmap"},{"file":"rankicons:icons/42.png","chars":[""],"height":14,"ascent":10,"type":"bitmap"},{"file":"rankicons:icons/43.png","chars":[""],"height":14,"ascent":10,"type":"bitmap"},{"file":"rankicons:icons/44.png","chars":[""],"height":14,"ascent":10,"type":"bitmap"},{"file":"rankicons:icons/45.png","chars":[""],"height":14,"ascent":10,"type":"bitmap"},{"file":"rankicons:icons/46.png","chars":[""],"height":14,"ascent":10,"type":"bitmap"},{"file":"rankicons:icons/47.png","chars":[""],"height":14,"ascent":10,"type":"bitmap"},{"file":"rankicons:icons/48.png","chars":[""],"height":14,"ascent":10,"type":"bitmap"},{"file":"rankicons:icons/49.png","chars":[""],"height":14,"ascent":10,"type":"bitmap"},{"file":"rankicons:icons/50.png","chars":[""],"height":14,"ascent":10,"type":"bitmap"},{"file":"rankicons:icons/51.png","chars":[""],"height":14,"ascent":10,"type":"bitmap"},{"file":"rankicons:icons/52.png","chars":[""],"height":14,"ascent":10,"type":"bitmap"},{"file":"rankicons:icons/53.png","chars":[""],"height":14,"ascent":10,"type":"bitmap"},{"file":"rankicons:icons/54.png","chars":[""],"height":14,"ascent":10,"type":"bitmap"},{"file":"rankicons:icons/55.png","chars":[""],"height":14,"ascent":10,"type":"bitmap"},{"file":"rankicons:icons/56.png","chars":[""],"height":14,"ascent":10,"type":"bitmap"},{"file":"rankicons:icons/57.png","chars":[""],"height":14,"ascent":10,"type":"bitmap"},{"file":"rankicons:icons/58.png","chars":[""],"height":14,"ascent":10,"type":"bitmap"},{"file":"rankicons:icons/59.png","chars":[""],"height":14,"ascent":10,"type":"bitmap"},{"file":"rankicons:icons/60.png","chars":[""],"height":14,"ascent":10,"type":"bitmap"},{"file":"rankicons:icons/61.png","chars":[""],"height":14,"ascent":10,"type":"bitmap"},{"file":"rankicons:icons/62.png","chars":[""],"height":14,"ascent":10,"type":"bitmap"},{"file":"rankicons:icons/63.png","chars":[""],"height":14,"ascent":10,"type":"bitmap"},{"file":"rankicons:icons/64.png","chars":[""],"height":14,"ascent":10,"type":"bitmap"},{"file":"rankicons:icons/65.png","chars":[""],"height":14,"ascent":10,"type":"bitmap"},{"file":"rankicons:icons/66.png","chars":[""],"height":14,"ascent":10,"type":"bitmap"},{"file":"rankicons:icons/67.png","chars":[""],"height":14,"ascent":10,"type":"bitmap"},{"file":"rankicons:icons/68.png","chars":[""],"height":14,"ascent":10,"type":"bitmap"},{"file":"rankicons:icons/69.png","chars":[""],"height":14,"ascent":10,"type":"bitmap"},{"file":"rankicons:icons/70.png","chars":[""],"height":14,"ascent":10,"type":"bitmap"},{"file":"effects:fullscreen.png","chars":[""],"height":2048,"ascent":256,"type":"bitmap"},{"file":"effects:fullscreen_transparent.png","chars":[""],"height":2048,"ascent":256,"type":"bitmap"},{"file":"_iainternal:gui/no_recipe.png","chars":[""],"height":170,"ascent":47,"type":"bitmap"},{"file":"_iainternal:gui/crafting.png","chars":[""],"height":170,"ascent":47,"type":"bitmap"},{"file":"_iainternal:gui/cooking.png","chars":[""],"height":170,"ascent":47,"type":"bitmap"},{"file":"_iainternal:gui/blank_menu.png","chars":[""],"height":170,"ascent":47,"type":"bitmap"},{"file":"_iainternal:gui/anvil_repair.png","chars":[""],"height":170,"ascent":47,"type":"bitmap"},{"file":"_iainternal:gui/smithing.png","chars":[""],"height":170,"ascent":47,"type":"bitmap"},{"file":"betterranks:srmanager.png","chars":[""],"height":9,"ascent":8,"type":"bitmap"},{"file":"betterranks:admin.png","chars":[""],"height":9,"ascent":8,"type":"bitmap"},{"file":"betterranks:media.png","chars":[""],"height":9,"ascent":8,"type":"bitmap"},{"file":"betterranks:party.png","chars":[""],"height":9,"ascent":8,"type":"bitmap"},{"file":"betterranks:ml.png","chars":[""],"height":9,"ascent":8,"type":"bitmap"},{"file":"betterranks:es.png","chars":[""],"height":9,"ascent":8,"type":"bitmap"},{"file":"betterranks:sb.png","chars":[""],"height":9,"ascent":8,"type":"bitmap"},{"file":"betterranks:sbt.png","chars":[""],"height":29,"ascent":28,"type":"bitmap"},{"file":"betterranks:mod.png","chars":[""],"height":9,"ascent":8,"type":"bitmap"},{"file":"betterranks:helper.png","chars":[""],"height":9,"ascent":8,"type":"bitmap"},{"file":"betterranks:player.png","chars":[""],"height":9,"ascent":8,"type":"bitmap"},{"file":"betterranks:youtube.png","chars":[""],"height":9,"ascent":8,"type":"bitmap"},{"file":"betterranks:owner.png","chars":[""],"height":9,"ascent":8,"type":"bitmap"},{"file":"betterranks:mvp.png","chars":[""],"height":9,"ascent":8,"type":"bitmap"},{"file":"betterranks:developer.png","chars":[""],"height":9,"ascent":8,"type":"bitmap"},{"file":"betterranks:rookie.png","chars":[""],"height":9,"ascent":8,"type":"bitmap"},{"file":"betterranks:nomad.png","chars":[""],"height":9,"ascent":8,"type":"bitmap"},{"file":"betterranks:spade.png","chars":[""],"height":9,"ascent":8,"type":"bitmap"},{"file":"betterranks:apex.png","chars":[""],"height":9,"ascent":8,"type":"bitmap"},{"file":"betterranks:badmoshiii.png","chars":[""],"height":9,"ascent":8,"type":"bitmap"}]}