{"parent":"minecraft:item/generated","textures":{"layer0":"minecraft:item/coal"},"overrides":[{"predicate":{"custom_model_data":10000},"model":"magicstore:furnitures/lunarfurniture_v2/lunarfurniture_v2_1"},{"predicate":{"custom_model_data":10001},"model":"magicstore:furnitures/lunarfurniture_v2/lunarfurniture_v2_10"},{"predicate":{"custom_model_data":10002},"model":"magicstore:furnitures/lunarfurniture_v2/lunarfurniture_v2_11"},{"predicate":{"custom_model_data":10003},"model":"magicstore:furnitures/lunarfurniture_v2/lunarfurniture_v2_12"},{"predicate":{"custom_model_data":10004},"model":"magicstore:furnitures/lunarfurniture_v2/lunarfurniture_v2_13"},{"predicate":{"custom_model_data":10005},"model":"magicstore:furnitures/lunarfurniture_v2/lunarfurniture_v2_14"},{"predicate":{"custom_model_data":10006},"model":"magicstore:furnitures/lunarfurniture_v2/lunarfurniture_v2_15"},{"predicate":{"custom_model_data":10007},"model":"magicstore:furnitures/lunarfurniture_v2/lunarfurniture_v2_16"},{"predicate":{"custom_model_data":10008},"model":"magicstore:furnitures/lunarfurniture_v2/lunarfurniture_v2_17"},{"predicate":{"custom_model_data":10009},"model":"magicstore:furnitures/lunarfurniture_v2/lunarfurniture_v2_18"},{"predicate":{"custom_model_data":10010},"model":"magicstore:furnitures/lunarfurniture_v2/lunarfurniture_v2_19"},{"predicate":{"custom_model_data":10011},"model":"magicstore:furnitures/lunarfurniture_v2/lunarfurniture_v2_2"},{"predicate":{"custom_model_data":10012},"model":"magicstore:furnitures/lunarfurniture_v2/lunarfurniture_v2_20"},{"predicate":{"custom_model_data":10013},"model":"magicstore:furnitures/lunarfurniture_v2/lunarfurniture_v2_21"},{"predicate":{"custom_model_data":10014},"model":"magicstore:furnitures/lunarfurniture_v2/lunarfurniture_v2_22"},{"predicate":{"custom_model_data":10015},"model":"magicstore:furnitures/lunarfurniture_v2/lunarfurniture_v2_23"},{"predicate":{"custom_model_data":10016},"model":"magicstore:furnitures/lunarfurniture_v2/lunarfurniture_v2_24"},{"predicate":{"custom_model_data":10017},"model":"magicstore:furnitures/lunarfurniture_v2/lunarfurniture_v2_25"},{"predicate":{"custom_model_data":10018},"model":"magicstore:furnitures/lunarfurniture_v2/lunarfurniture_v2_26"},{"predicate":{"custom_model_data":10019},"model":"magicstore:furnitures/lunarfurniture_v2/lunarfurniture_v2_27"},{"predicate":{"custom_model_data":10020},"model":"magicstore:furnitures/lunarfurniture_v2/lunarfurniture_v2_28"},{"predicate":{"custom_model_data":10021},"model":"magicstore:furnitures/lunarfurniture_v2/lunarfurniture_v2_29"},{"predicate":{"custom_model_data":10022},"model":"magicstore:furnitures/lunarfurniture_v2/lunarfurniture_v2_3"},{"predicate":{"custom_model_data":10023},"model":"magicstore:furnitures/lunarfurniture_v2/lunarfurniture_v2_30"},{"predicate":{"custom_model_data":10024},"model":"magicstore:furnitures/lunarfurniture_v2/lunarfurniture_v2_31"},{"predicate":{"custom_model_data":10025},"model":"magicstore:furnitures/lunarfurniture_v2/lunarfurniture_v2_32"},{"predicate":{"custom_model_data":10026},"model":"magicstore:furnitures/lunarfurniture_v2/lunarfurniture_v2_33"},{"predicate":{"custom_model_data":10027},"model":"magicstore:furnitures/lunarfurniture_v2/lunarfurniture_v2_34"},{"predicate":{"custom_model_data":10028},"model":"magicstore:furnitures/lunarfurniture_v2/lunarfurniture_v2_4"},{"predicate":{"custom_model_data":10029},"model":"magicstore:furnitures/lunarfurniture_v2/lunarfurniture_v2_5"},{"predicate":{"custom_model_data":10030},"model":"magicstore:furnitures/lunarfurniture_v2/lunarfurniture_v2_6"},{"predicate":{"custom_model_data":10031},"model":"magicstore:furnitures/lunarfurniture_v2/lunarfurniture_v2_7"},{"predicate":{"custom_model_data":10032},"model":"magicstore:furnitures/lunarfurniture_v2/lunarfurniture_v2_8"},{"predicate":{"custom_model_data":10033},"model":"magicstore:furnitures/lunarfurniture_v2/lunarfurniture_v2_9"},{"predicate":{"custom_model_data":10034},"model":"item/coal"}]}