{"parent":"minecraft:item/generated","textures":{"layer0":"minecraft:item/kelp"},"overrides":[{"predicate":{"custom_model_data":10000},"model":"juicy_fruity:orange_backpack"},{"predicate":{"custom_model_data":10001},"model":"juicy_fruity:orange_backpack_self"},{"predicate":{"custom_model_data":10002},"model":"juicy_fruity:orange_helmet"},{"predicate":{"custom_model_data":10003},"model":"juicy_fruity:strawberry_backpack"},{"predicate":{"custom_model_data":10004},"model":"juicy_fruity:strawberry_backpack_self"},{"predicate":{"custom_model_data":10005},"model":"juicy_fruity:strawberry_helmet"},{"predicate":{"custom_model_data":10006},"model":"juicy_fruity:grape_backpack"},{"predicate":{"custom_model_data":10007},"model":"juicy_fruity:grape_backpack_self"},{"predicate":{"custom_model_data":10008},"model":"juicy_fruity:grape_helmet"},{"predicate":{"custom_model_data":10009},"model":"juicy_fruity:watermelon_backpack"},{"predicate":{"custom_model_data":10010},"model":"juicy_fruity:watermelon_backpack_self"},{"predicate":{"custom_model_data":10011},"model":"juicy_fruity:watermelon_helmet"},{"predicate":{"custom_model_data":10012},"model":"juicy_fruity:avocado_backpack"},{"predicate":{"custom_model_data":10013},"model":"juicy_fruity:avocado_backpack_self"},{"predicate":{"custom_model_data":10014},"model":"juicy_fruity:avocado_helmet"},{"predicate":{"custom_model_data":10015},"model":"item/kelp"}]}