{"parent":"minecraft:item/handheld","textures":{"layer0":"minecraft:item/netherite_sword"},"overrides":[{"predicate":{"custom_model_data":10000},"model":"adventurer_warhammers:item/cleric_warhammer"},{"predicate":{"custom_model_data":10001},"model":"adventurer_warhammers:item/dragon_headed_warhammer"},{"predicate":{"custom_model_data":10002},"model":"adventurer_warhammers:item/gatekeeper_warhammer"},{"predicate":{"custom_model_data":10003},"model":"adventurer_warhammers:item/gladiator_warhammer"},{"predicate":{"custom_model_data":10004},"model":"adventurer_warhammers:item/warhammer_of_lightbringer"},{"predicate":{"custom_model_data":10005},"model":"adventurer_warhammers:item/lucerne_warhammer"},{"predicate":{"custom_model_data":10006},"model":"adventurer_warhammers:item/peasant_warhammer"},{"predicate":{"custom_model_data":10007},"model":"adventurer_warhammers:item/royal_warhammer"},{"predicate":{"custom_model_data":10008},"model":"adventurer_warhammers:item/skull_warhammer"},{"predicate":{"custom_model_data":10009},"model":"adventurer_warhammers:item/spike_warhammer"},{"predicate":{"custom_model_data":10010},"model":"item/netherite_sword"}]}