{"parent":"minecraft:item/generated","textures":{"layer0":"minecraft:item/paper"},"overrides":[{"predicate":{"custom_model_data":10000},"model":"_iainternal:ia_auto_gen/icon_left_blue"},{"predicate":{"custom_model_data":10001},"model":"_iainternal:ia_auto_gen/icon_right_blue"},{"predicate":{"custom_model_data":10002},"model":"_iainternal:ia_auto_gen/icon_search"},{"predicate":{"custom_model_data":10003},"model":"_iainternal:ia_auto_gen/icon_cancel"},{"predicate":{"custom_model_data":10004},"model":"_iainternal:ia_auto_gen/icon_arrow_chest"},{"predicate":{"custom_model_data":10005},"model":"_iainternal:ia_auto_gen/icon_back_orange"},{"predicate":{"custom_model_data":10006},"model":"_iainternal:ia_auto_gen/icon_next_orange"},{"predicate":{"custom_model_data":10007},"model":"hat_pack_2:ballcap_backwards_blue"},{"predicate":{"custom_model_data":10008},"model":"hat_pack_2:ballcap_backwards_green"},{"predicate":{"custom_model_data":10009},"model":"hat_pack_2:ballcap_backwards_red"},{"predicate":{"custom_model_data":10010},"model":"hat_pack_2:ballcap_blue"},{"predicate":{"custom_model_data":10011},"model":"hat_pack_2:ballcap_green"},{"predicate":{"custom_model_data":10012},"model":"hat_pack_2:ballcap_red"},{"predicate":{"custom_model_data":10013},"model":"hat_pack_2:football_helmet_blue"},{"predicate":{"custom_model_data":10014},"model":"hat_pack_2:football_helmet_green"},{"predicate":{"custom_model_data":10015},"model":"hat_pack_2:football_helmet_red"},{"predicate":{"custom_model_data":10016},"model":"hat_pack_2:graduation_cap"},{"predicate":{"custom_model_data":10017},"model":"hat_pack_2:knight_helmet_blue"},{"predicate":{"custom_model_data":10018},"model":"hat_pack_2:knight_helmet_green"},{"predicate":{"custom_model_data":10019},"model":"hat_pack_2:knight_helmet_red"},{"predicate":{"custom_model_data":10020},"model":"hat_pack_2:roman_helmet"},{"predicate":{"custom_model_data":10021},"model":"hat_pack_2:space_helmet_blue"},{"predicate":{"custom_model_data":10022},"model":"hat_pack_2:space_helmet_orange"},{"predicate":{"custom_model_data":10023},"model":"hat_pack_2:umbrella_hat"},{"predicate":{"custom_model_data":10024},"model":"hat_pack_2:viking_helmet"},{"predicate":{"custom_model_data":10051},"model":"medieval_rpg:archery_target"},{"predicate":{"custom_model_data":10052},"model":"medieval_rpg:hanging_sword"},{"predicate":{"custom_model_data":10053},"model":"medieval_rpg:hanging_shield"},{"predicate":{"custom_model_data":10054},"model":"medieval_rpg:adventurers_belongings"},{"predicate":{"custom_model_data":10055},"model":"medieval_rpg:makeshift_blanket"},{"predicate":{"custom_model_data":10056},"model":"medieval_rpg:makeshift_hut"},{"predicate":{"custom_model_data":10057},"model":"medieval_rpg:makeshift_tent"},{"predicate":{"custom_model_data":10058},"model":"medieval_rpg:double_pallet"},{"predicate":{"custom_model_data":10059},"model":"medieval_rpg:crates"},{"predicate":{"custom_model_data":10060},"model":"medieval_rpg:crate_2"},{"predicate":{"custom_model_data":10061},"model":"medieval_rpg:crate_1"},{"predicate":{"custom_model_data":10062},"model":"medieval_rpg:apple_sack"},{"predicate":{"custom_model_data":10063},"model":"medieval_rpg:open_sack"},{"predicate":{"custom_model_data":10064},"model":"medieval_rpg:sack"},{"predicate":{"custom_model_data":10065},"model":"medieval_rpg:wine_bottle"},{"predicate":{"custom_model_data":10066},"model":"medieval_rpg:bottles"},{"predicate":{"custom_model_data":10067},"model":"medieval_rpg:board"},{"predicate":{"custom_model_data":10068},"model":"medieval_rpg:fancy_table"},{"predicate":{"custom_model_data":10069},"model":"medieval_rpg:wooden_bench"},{"predicate":{"custom_model_data":10070},"model":"medieval_rpg:announcement_board"},{"predicate":{"custom_model_data":10071},"model":"medieval_rpg:flower_vase"},{"predicate":{"custom_model_data":10072},"model":"medieval_rpg:flower_pot"},{"predicate":{"custom_model_data":10073},"model":"medieval_rpg:fiddleheads"},{"predicate":{"custom_model_data":10074},"model":"medieval_rpg:ferns"},{"predicate":{"custom_model_data":10075},"model":"medieval_rpg:shrub"},{"predicate":{"custom_model_data":10076},"model":"medieval_rpg:yellow_flowers"},{"predicate":{"custom_model_data":10077},"model":"medieval_rpg:red_flowers"},{"predicate":{"custom_model_data":10078},"model":"medieval_rpg:feather_plant_tall"},{"predicate":{"custom_model_data":10079},"model":"medieval_rpg:feather_plant"},{"predicate":{"custom_model_data":10080},"model":"medieval_rpg:blueberry_bush"},{"predicate":{"custom_model_data":10081},"model":"item/paper"}]}