{"variants":{"attached=false,east=false,north=false,south=false,disarmed=false,west=false,powered=false":{"model":"block/tripwire_attached_n"},"attached=false,east=false,north=false,south=true,disarmed=true,west=false,powered=false":{"model":"block/tripwire_attached_n"},"attached=false,east=false,north=false,south=true,disarmed=true,west=false,powered=true":{"model":"block/tripwire_attached_n"},"attached=false,east=false,north=false,south=true,disarmed=true,west=true,powered=true":{"model":"block/tripwire_attached_n"},"attached=false,east=false,north=true,south=false,disarmed=false,west=false,powered=false":{"model":"block/tripwire_attached_n"},"attached=false,east=false,north=true,south=false,disarmed=false,west=false,powered=true":{"model":"block/tripwire_attached_n"},"attached=false,east=false,north=true,south=false,disarmed=false,west=true,powered=false":{"model":"block/tripwire_attached_n"},"attached=false,east=false,north=true,south=false,disarmed=false,west=true,powered=true":{"model":"block/tripwire_attached_n"},"attached=false,east=false,north=true,south=false,disarmed=true,west=false,powered=false":{"model":"block/tripwire_attached_n"},"attached=false,east=false,north=true,south=false,disarmed=true,west=false,powered=true":{"model":"block/tripwire_attached_n"},"attached=false,east=false,north=true,south=false,disarmed=true,west=true,powered=false":{"model":"block/tripwire_attached_n"},"attached=false,east=false,north=true,south=false,disarmed=true,west=true,powered=true":{"model":"block/tripwire_attached_n"},"attached=false,east=false,north=true,south=true,disarmed=false,west=false,powered=false":{"model":"block/tripwire_attached_n"},"attached=false,east=false,north=true,south=true,disarmed=false,west=false,powered=true":{"model":"block/tripwire_attached_n"},"attached=false,east=false,north=true,south=true,disarmed=false,west=true,powered=false":{"model":"block/tripwire_attached_n"},"attached=false,east=false,north=true,south=true,disarmed=false,west=true,powered=true":{"model":"block/tripwire_attached_n"},"attached=false,east=false,north=true,south=true,disarmed=true,west=false,powered=false":{"model":"block/tripwire_attached_n"},"attached=false,east=false,north=true,south=true,disarmed=true,west=false,powered=true":{"model":"block/tripwire_attached_n"},"attached=false,east=false,north=true,south=true,disarmed=true,west=true,powered=false":{"model":"block/tripwire_attached_n"},"attached=false,east=false,north=true,south=true,disarmed=true,west=true,powered=true":{"model":"block/tripwire_attached_n"},"attached=false,east=true,north=false,south=false,disarmed=false,west=false,powered=false":{"model":"block/tripwire_attached_n"},"attached=false,east=true,north=false,south=false,disarmed=false,west=false,powered=true":{"model":"block/tripwire_attached_n"},"attached=false,east=true,north=false,south=false,disarmed=false,west=true,powered=false":{"model":"block/tripwire_attached_n"},"attached=false,east=true,north=false,south=false,disarmed=false,west=true,powered=true":{"model":"block/tripwire_attached_n"},"attached=false,east=true,north=false,south=false,disarmed=true,west=false,powered=false":{"model":"block/tripwire_attached_n"},"attached=false,east=true,north=false,south=false,disarmed=true,west=false,powered=true":{"model":"block/tripwire_attached_n"},"attached=false,east=true,north=false,south=false,disarmed=true,west=true,powered=false":{"model":"block/tripwire_attached_n"},"attached=false,east=true,north=false,south=false,disarmed=true,west=true,powered=true":{"model":"block/tripwire_attached_n"},"attached=false,east=true,north=false,south=true,disarmed=false,west=false,powered=false":{"model":"block/tripwire_attached_n"},"attached=false,east=true,north=false,south=true,disarmed=false,west=false,powered=true":{"model":"block/tripwire_attached_n"},"attached=false,east=true,north=false,south=true,disarmed=false,west=true,powered=false":{"model":"block/tripwire_attached_n"},"attached=false,east=true,north=false,south=true,disarmed=false,west=true,powered=true":{"model":"block/tripwire_attached_n"},"attached=false,east=true,north=false,south=true,disarmed=true,west=false,powered=false":{"model":"block/tripwire_attached_n"},"attached=false,east=true,north=false,south=true,disarmed=true,west=false,powered=true":{"model":"block/tripwire_attached_n"},"attached=false,east=true,north=false,south=true,disarmed=true,west=true,powered=false":{"model":"block/tripwire_attached_n"},"attached=false,east=true,north=false,south=true,disarmed=true,west=true,powered=true":{"model":"block/tripwire_attached_n"},"attached=false,east=true,north=true,south=false,disarmed=false,west=false,powered=false":{"model":"block/tripwire_attached_n"},"attached=false,east=true,north=true,south=false,disarmed=false,west=false,powered=true":{"model":"block/tripwire_attached_n"},"attached=false,east=true,north=true,south=false,disarmed=false,west=true,powered=false":{"model":"block/tripwire_attached_n"},"attached=false,east=true,north=true,south=false,disarmed=false,west=true,powered=true":{"model":"block/tripwire_attached_n"},"attached=false,east=true,north=true,south=false,disarmed=true,west=false,powered=false":{"model":"block/tripwire_attached_n"},"attached=false,east=true,north=true,south=false,disarmed=true,west=false,powered=true":{"model":"block/tripwire_attached_n"},"attached=false,east=true,north=true,south=false,disarmed=true,west=true,powered=false":{"model":"block/tripwire_attached_n"},"attached=false,east=true,north=true,south=false,disarmed=true,west=true,powered=true":{"model":"block/tripwire_attached_n"},"attached=false,east=true,north=true,south=true,disarmed=false,west=false,powered=false":{"model":"block/tripwire_attached_n"},"attached=false,east=true,north=true,south=true,disarmed=false,west=false,powered=true":{"model":"block/tripwire_attached_n"},"attached=false,east=true,north=true,south=true,disarmed=false,west=true,powered=false":{"model":"block/tripwire_attached_n"},"attached=false,east=true,north=true,south=true,disarmed=false,west=true,powered=true":{"model":"block/tripwire_attached_n"},"attached=false,east=true,north=true,south=true,disarmed=true,west=false,powered=false":{"model":"block/tripwire_attached_n"},"attached=false,east=true,north=true,south=true,disarmed=true,west=false,powered=true":{"model":"block/tripwire_attached_n"},"attached=false,east=true,north=true,south=true,disarmed=true,west=true,powered=false":{"model":"block/tripwire_attached_n"},"attached=false,east=true,north=true,south=true,disarmed=true,west=true,powered=true":{"model":"block/tripwire_attached_n"},"attached=true,east=false,north=false,south=false,disarmed=false,west=false,powered=false":{"model":"block/tripwire_attached_n"},"attached=true,east=false,north=false,south=false,disarmed=false,west=false,powered=true":{"model":"block/tripwire_attached_n"},"attached=true,east=false,north=false,south=false,disarmed=false,west=true,powered=false":{"model":"block/tripwire_attached_n"},"attached=true,east=false,north=false,south=false,disarmed=false,west=true,powered=true":{"model":"block/tripwire_attached_n"},"attached=true,east=false,north=false,south=false,disarmed=true,west=false,powered=false":{"model":"block/tripwire_attached_n"},"attached=true,east=false,north=false,south=false,disarmed=true,west=false,powered=true":{"model":"block/tripwire_attached_n"},"attached=true,east=false,north=false,south=false,disarmed=true,west=true,powered=false":{"model":"block/tripwire_attached_n"},"attached=true,east=false,north=false,south=false,disarmed=true,west=true,powered=true":{"model":"block/tripwire_attached_n"},"attached=true,east=false,north=false,south=true,disarmed=false,west=false,powered=false":{"model":"block/tripwire_attached_n"},"attached=true,east=false,north=false,south=true,disarmed=false,west=false,powered=true":{"model":"block/tripwire_attached_n"},"attached=true,east=false,north=false,south=true,disarmed=false,west=true,powered=false":{"model":"block/tripwire_attached_n"},"attached=true,east=false,north=false,south=true,disarmed=false,west=true,powered=true":{"model":"block/tripwire_attached_n"},"attached=true,east=false,north=false,south=true,disarmed=true,west=false,powered=false":{"model":"block/tripwire_attached_n"},"attached=true,east=false,north=false,south=true,disarmed=true,west=false,powered=true":{"model":"block/tripwire_attached_n"},"attached=true,east=false,north=false,south=true,disarmed=true,west=true,powered=false":{"model":"block/tripwire_attached_n"},"attached=true,east=false,north=false,south=true,disarmed=true,west=true,powered=true":{"model":"block/tripwire_attached_n"},"attached=true,east=false,north=true,south=false,disarmed=false,west=false,powered=false":{"model":"block/tripwire_attached_n"},"attached=true,east=false,north=true,south=false,disarmed=false,west=false,powered=true":{"model":"block/tripwire_attached_n"},"attached=true,east=false,north=true,south=false,disarmed=false,west=true,powered=false":{"model":"block/tripwire_attached_n"},"attached=true,east=false,north=true,south=false,disarmed=false,west=true,powered=true":{"model":"block/tripwire_attached_n"},"attached=true,east=false,north=true,south=false,disarmed=true,west=false,powered=false":{"model":"block/tripwire_attached_n"},"attached=true,east=false,north=true,south=false,disarmed=true,west=false,powered=true":{"model":"block/tripwire_attached_n"},"attached=true,east=false,north=true,south=false,disarmed=true,west=true,powered=false":{"model":"block/tripwire_attached_n"},"attached=true,east=false,north=true,south=false,disarmed=true,west=true,powered=true":{"model":"block/tripwire_attached_n"},"attached=true,east=false,north=true,south=true,disarmed=false,west=false,powered=false":{"model":"block/tripwire_attached_n"},"attached=true,east=false,north=true,south=true,disarmed=false,west=false,powered=true":{"model":"block/tripwire_attached_n"},"attached=true,east=false,north=true,south=true,disarmed=false,west=true,powered=false":{"model":"block/tripwire_attached_n"},"attached=true,east=false,north=true,south=true,disarmed=false,west=true,powered=true":{"model":"block/tripwire_attached_n"},"attached=true,east=false,north=true,south=true,disarmed=true,west=false,powered=false":{"model":"block/tripwire_attached_n"},"attached=true,east=false,north=true,south=true,disarmed=true,west=false,powered=true":{"model":"block/tripwire_attached_n"},"attached=true,east=false,north=true,south=true,disarmed=true,west=true,powered=false":{"model":"block/tripwire_attached_n"},"attached=true,east=false,north=true,south=true,disarmed=true,west=true,powered=true":{"model":"block/tripwire_attached_n"},"attached=true,east=true,north=false,south=false,disarmed=false,west=false,powered=false":{"model":"block/tripwire_attached_n"},"attached=true,east=true,north=false,south=false,disarmed=false,west=false,powered=true":{"model":"block/tripwire_attached_n"},"attached=true,east=true,north=false,south=false,disarmed=false,west=true,powered=false":{"model":"block/tripwire_attached_n"},"attached=true,east=true,north=false,south=false,disarmed=false,west=true,powered=true":{"model":"block/tripwire_attached_n"},"attached=true,east=true,north=false,south=false,disarmed=true,west=false,powered=false":{"model":"block/tripwire_attached_n"},"attached=true,east=true,north=false,south=false,disarmed=true,west=false,powered=true":{"model":"block/tripwire_attached_n"},"attached=true,east=true,north=false,south=false,disarmed=true,west=true,powered=false":{"model":"block/tripwire_attached_n"},"attached=true,east=true,north=false,south=false,disarmed=true,west=true,powered=true":{"model":"block/tripwire_attached_n"},"attached=true,east=true,north=false,south=true,disarmed=false,west=false,powered=false":{"model":"block/tripwire_attached_n"},"attached=true,east=true,north=false,south=true,disarmed=false,west=false,powered=true":{"model":"block/tripwire_attached_n"},"attached=true,east=true,north=false,south=true,disarmed=false,west=true,powered=false":{"model":"block/tripwire_attached_n"},"attached=true,east=true,north=false,south=true,disarmed=false,west=true,powered=true":{"model":"block/tripwire_attached_n"},"attached=true,east=true,north=false,south=true,disarmed=true,west=false,powered=false":{"model":"block/tripwire_attached_n"},"attached=true,east=true,north=false,south=true,disarmed=true,west=false,powered=true":{"model":"block/tripwire_attached_n"},"attached=true,east=true,north=false,south=true,disarmed=true,west=true,powered=false":{"model":"block/tripwire_attached_n"},"attached=true,east=true,north=false,south=true,disarmed=true,west=true,powered=true":{"model":"block/tripwire_attached_n"},"attached=true,east=true,north=true,south=false,disarmed=false,west=false,powered=false":{"model":"block/tripwire_attached_n"},"attached=true,east=true,north=true,south=false,disarmed=false,west=false,powered=true":{"model":"block/tripwire_attached_n"},"attached=true,east=true,north=true,south=false,disarmed=false,west=true,powered=false":{"model":"block/tripwire_attached_n"},"attached=true,east=true,north=true,south=false,disarmed=false,west=true,powered=true":{"model":"block/tripwire_attached_n"},"attached=true,east=true,north=true,south=false,disarmed=true,west=false,powered=false":{"model":"block/tripwire_attached_n"},"attached=true,east=true,north=true,south=false,disarmed=true,west=false,powered=true":{"model":"block/tripwire_attached_n"},"attached=true,east=true,north=true,south=false,disarmed=true,west=true,powered=false":{"model":"block/tripwire_attached_n"},"attached=true,east=true,north=true,south=false,disarmed=true,west=true,powered=true":{"model":"block/tripwire_attached_n"},"attached=true,east=true,north=true,south=true,disarmed=false,west=false,powered=false":{"model":"block/tripwire_attached_n"},"attached=true,east=true,north=true,south=true,disarmed=false,west=false,powered=true":{"model":"block/tripwire_attached_n"},"attached=true,east=true,north=true,south=true,disarmed=false,west=true,powered=false":{"model":"block/tripwire_attached_n"},"attached=true,east=true,north=true,south=true,disarmed=false,west=true,powered=true":{"model":"block/tripwire_attached_n"},"attached=true,east=true,north=true,south=true,disarmed=true,west=false,powered=false":{"model":"block/tripwire_attached_n"},"attached=true,east=true,north=true,south=true,disarmed=true,west=false,powered=true":{"model":"block/tripwire_attached_n"},"attached=true,east=true,north=true,south=true,disarmed=true,west=true,powered=false":{"model":"block/tripwire_attached_n"},"attached=true,east=true,north=true,south=true,disarmed=true,west=true,powered=true":{"model":"block/tripwire_attached_n"},"attached=true,east=true,north=false,south=false,west=false":[{"model":"block/seafoam_2","y":180}],"attached=true,east=false,north=true,south=true,west=true":[{"model":"block/seafoam_3","y":180}],"attached=true,east=false,north=false,south=true,west=false":[{"model":"block/seafoam_4","y":90}],"attached=true,east=true,north=true,south=true,west=false":[{"model":"block/seafoam_2"}],"attached=false,east=false,north=true,south=true,west=false":[{"model":"block/chimney_vent"}],"attached=false,east=false,north=false,south=false,west=true":[{"model":"block/cone","y":270}],"attached=false,east=false,north=false,south=true,west=true":[{"model":"block/cone","y":180}],"attached=true,east=false,north=false,south=false,west=true":[{"model":"block/seafoam_4","y":180}],"attached=false,east=true,north=true,south=false,west=false":[{"model":"block/snow_layer"}],"attached=false,east=false,north=false,south=false,west=false":[{"model":"block/cone"}],"attached=true,east=false,north=true,south=true,west=false":[{"model":"block/seafoam_1","y":270}],"attached=true,east=true,north=false,south=false,west=true":[{"model":"block/seafoam_1","y":180}],"attached=true,east=false,north=false,south=false,west=false":[{"model":"block/seafoam_4","y":270}],"attached=true,east=true,north=false,south=true,west=true":[{"model":"block/seafoam_2","y":90}],"attached=false,east=true,north=false,south=true,west=false":[{"model":"block/cone","y":90}],"attached=false,east=false,north=true,south=false,west=false":[{"model":"block/trash_bag"}],"attached=false,east=false,north=false,south=true,west=false":[{"model":"block/cone","y":180}],"attached=false,east=true,north=false,south=false,west=false":[{"model":"block/large_palm_bottom","y":90}],"attached=true,east=false,north=true,south=false,west=true":[{"model":"block/seafoam_2","y":270}],"attached=true,east=true,north=false,south=true,west=false":[{"model":"block/seafoam_3","y":90}],"attached=false,east=true,north=true,south=true,west=false":[{"model":"block/tripwire_nse"}],"attached=true,east=false,north=true,south=false,west=false":[{"model":"block/seafoam_3","y":270}],"attached=false,east=true,north=false,south=false,west=true":[{"model":"block/cone","y":90}],"attached=false,east=true,north=false,south=true,west=true":[{"model":"block/street_lamp_top","y":90}],"attached=false,east=true,north=true,south=true,west=true":[{"model":"block/tripwire_nsew"}],"attached=false,east=false,north=true,south=true,west=true":[{"model":"block/bollard","y":180}],"attached=true,east=true,north=true,south=false,west=true":[{"model":"block/seafoam_3"}],"attached=true,east=true,north=true,south=true,west=true":[{"model":"block/seafoam_1"}],"attached=false,east=false,north=true,south=false,west=true":[{"model":"block/whirlybird_vent","y":270}],"attached=true,east=true,north=true,south=false,west=false":[{"model":"block/seafoam_1","y":90}],"attached=false,east=true,north=true,south=false,west=true":[{"model":"block/tripwire_nse","y":270}],"attached=true,east=false,north=false,south=true,west=true":[{"model":"block/seafoam_4","y":180}],"attached=false,east=false,north=false,south=false,disarmed=false,west=false,powered=true":[{"model":"medieval_rpg:makeshift_blanket","y":90},{"model":"medieval_rpg:makeshift_blanket","y":180},{"model":"medieval_rpg:makeshift_blanket","y":270}],"attached=false,east=false,north=false,south=false,disarmed=false,west=true,powered=false":[{"model":"medieval_rpg:flower_vase","y":90},{"model":"medieval_rpg:flower_vase","y":180},{"model":"medieval_rpg:flower_vase","y":270}],"attached=false,east=false,north=false,south=false,disarmed=false,west=true,powered=true":[{"model":"medieval_rpg:flower_pot","y":90},{"model":"medieval_rpg:flower_pot","y":180},{"model":"medieval_rpg:flower_pot","y":270}],"attached=false,east=false,north=false,south=false,disarmed=true,west=false,powered=false":[{"model":"medieval_rpg:fiddleheads","y":90},{"model":"medieval_rpg:fiddleheads","y":180},{"model":"medieval_rpg:fiddleheads","y":270}],"attached=false,east=false,north=false,south=false,disarmed=true,west=false,powered=true":[{"model":"medieval_rpg:ferns","y":90},{"model":"medieval_rpg:ferns","y":180},{"model":"medieval_rpg:ferns","y":270}],"attached=false,east=false,north=false,south=false,disarmed=true,west=true,powered=false":[{"model":"medieval_rpg:shrub","y":90},{"model":"medieval_rpg:shrub","y":180},{"model":"medieval_rpg:shrub","y":270}],"attached=false,east=false,north=false,south=false,disarmed=true,west=true,powered=true":[{"model":"medieval_rpg:yellow_flowers","y":90},{"model":"medieval_rpg:yellow_flowers","y":180},{"model":"medieval_rpg:yellow_flowers","y":270}],"attached=false,east=false,north=false,south=true,disarmed=false,west=false,powered=false":[{"model":"medieval_rpg:red_flowers","y":90},{"model":"medieval_rpg:red_flowers","y":180},{"model":"medieval_rpg:red_flowers","y":270}],"attached=false,east=false,north=false,south=true,disarmed=false,west=false,powered=true":[{"model":"medieval_rpg:feather_plant_tall","y":90},{"model":"medieval_rpg:feather_plant_tall","y":180},{"model":"medieval_rpg:feather_plant_tall","y":270}],"attached=false,east=false,north=false,south=true,disarmed=false,west=true,powered=false":[{"model":"medieval_rpg:feather_plant","y":90},{"model":"medieval_rpg:feather_plant","y":180},{"model":"medieval_rpg:feather_plant","y":270}],"attached=false,east=false,north=false,south=true,disarmed=false,west=true,powered=true":[{"model":"medieval_rpg:blueberry_bush","y":90},{"model":"medieval_rpg:blueberry_bush","y":180},{"model":"medieval_rpg:blueberry_bush","y":270}]}}