{"textures":{"0":"block/acacia_door_top","1":"block/acacia_door_extra","particle":"block/acacia_door_top"},"elements":[{"from":[0.0,0.0,0.0],"to":[3.0,16.0,2.0],"faces":{"north":{"uv":[3.0,0.0,0.0,16.0],"texture":"#1"},"east":{"uv":[14.0,0.0,16.0,16.0],"texture":"#0"},"south":{"uv":[6.0,0.0,3.0,16.0],"texture":"#1"},"west":{"uv":[0.0,0.0,2.0,16.0],"texture":"#0"},"down":{"uv":[0.0,0.0,3.0,16.0],"texture":"#1","cullface":"down"}}},{"from":[0.0,0.0,14.0],"to":[3.0,16.0,16.0],"faces":{"north":{"uv":[6.0,0.0,3.0,16.0],"texture":"#1"},"east":{"uv":[0.0,0.0,2.0,16.0],"texture":"#0"},"south":{"uv":[3.0,0.0,0.0,16.0],"texture":"#1"},"west":{"uv":[14.0,0.0,16.0,16.0],"texture":"#0"},"down":{"uv":[0.0,0.0,3.0,16.0],"texture":"#1","cullface":"down"}}},{"from":[0.0,0.0,2.0],"to":[3.0,1.0,14.0],"faces":{"north":{"uv":[0.0,0.0,3.0,16.0],"texture":"#1","cullface":"west"},"east":{"uv":[2.0,15.0,14.0,16.0],"texture":"#0"},"south":{"uv":[0.0,0.0,3.0,16.0],"texture":"#1","cullface":"west"},"west":{"uv":[2.0,15.0,14.0,16.0],"texture":"#0"},"up":{"uv":[9.0,1.0,6.0,15.0],"texture":"#1"},"down":{"uv":[0.0,0.0,3.0,16.0],"texture":"#1","cullface":"west"}}},{"from":[1.0,1.0,2.0],"to":[2.0,16.0,14.0],"faces":{"east":{"uv":[2.0,0.0,14.0,15.0],"texture":"#0"},"west":{"uv":[2.0,0.0,14.0,15.0],"texture":"#0"}}}],"ambientocclusion":false}