{"textures":{"1":"block/misc3","particle":"block/diorite"},"elements":[{"from":[9.98099,0.0,10.74683],"to":[12.98099,1.0,13.74683],"rotation":{"angle":0.0,"axis":"y","origin":[8.66419,0.5,9.01987]},"faces":{"north":{"uv":[0.0,5.125,0.375,5.25],"rotation":180.0,"texture":"#1"},"east":{"uv":[0.25,5.125,0.375,5.5],"rotation":90.0,"texture":"#1"},"south":{"uv":[0.0,5.375,0.375,5.5],"texture":"#1"},"west":{"uv":[0.0,5.125,0.125,5.5],"rotation":270.0,"texture":"#1"},"up":{"uv":[0.0,5.125,0.375,5.5],"texture":"#1"},"down":{"uv":[0.0,5.125,0.375,5.5],"rotation":270.0,"texture":"#1"}}},{"from":[6.24554,0.0,2.56818],"to":[10.24554,1.0,6.56818],"rotation":{"angle":-22.5,"axis":"y","origin":[8.66419,0.5,9.01987]},"faces":{"north":{"uv":[0.25,6.375,0.375,6.75],"rotation":90.0,"texture":"#1"},"east":{"uv":[0.0,6.625,0.375,6.75],"texture":"#1"},"south":{"uv":[0.0,6.375,0.125,6.75],"rotation":270.0,"texture":"#1"},"west":{"uv":[0.0,6.375,0.375,6.5],"rotation":180.0,"texture":"#1"},"up":{"uv":[0.0,6.375,0.375,6.75],"rotation":270.0,"texture":"#1"},"down":{"uv":[0.0,6.375,0.375,6.75],"texture":"#1"}}},{"from":[2.44491,0.0,6.40444],"to":[6.44491,1.0,10.40444],"rotation":{"angle":22.5,"axis":"y","origin":[8.66419,0.5,9.01987]},"faces":{"north":{"uv":[0.625,6.375,0.75,6.75],"rotation":90.0,"texture":"#1"},"east":{"uv":[0.375,6.625,0.75,6.75],"texture":"#1"},"south":{"uv":[0.375,6.375,0.5,6.75],"rotation":270.0,"texture":"#1"},"west":{"uv":[0.375,6.375,0.75,6.5],"rotation":180.0,"texture":"#1"},"up":{"uv":[0.375,6.375,0.75,6.75],"rotation":270.0,"texture":"#1"},"down":{"uv":[0.375,6.375,0.75,6.75],"texture":"#1"}}}],"texture_size":[128.0,128.0]}