{"textures":{"1":"block/misc3","particle":"block/diorite"},"elements":[{"from":[8.25,0.0,10.25],"to":[11.25,1.0,13.25],"rotation":{"angle":-22.5,"axis":"y","origin":[6.25,0.5,10.75]},"faces":{"north":{"uv":[0.0,5.125,0.375,5.25],"rotation":180.0,"texture":"#1"},"east":{"uv":[0.25,5.125,0.375,5.5],"rotation":90.0,"texture":"#1"},"south":{"uv":[0.0,5.375,0.375,5.5],"texture":"#1"},"west":{"uv":[0.0,5.125,0.125,5.5],"rotation":270.0,"texture":"#1"},"up":{"uv":[0.0,5.125,0.375,5.5],"texture":"#1"},"down":{"uv":[0.0,5.125,0.375,5.5],"rotation":270.0,"texture":"#1"}}},{"from":[-0.57643,0.0,7.2954],"to":[1.42357,1.0,9.2954],"rotation":{"angle":22.5,"axis":"y","origin":[2.92357,0.5,1.7954]},"faces":{"north":{"uv":[0.0,5.125,0.125,5.25],"rotation":270.0,"texture":"#1"},"east":{"uv":[0.125,5.125,0.25,5.375],"rotation":90.0,"texture":"#1"},"south":{"uv":[0.0,5.375,0.25,5.5],"texture":"#1"},"west":{"uv":[0.0,5.125,0.125,5.375],"rotation":270.0,"texture":"#1"},"up":{"uv":[0.0,5.125,0.25,5.375],"texture":"#1"},"down":{"uv":[0.25,5.125,0.0,5.375],"rotation":180.0,"texture":"#1"}}},{"from":[8.0,1.0,4.0],"to":[15.0,1.0,11.0],"rotation":{"angle":22.5,"axis":"y","origin":[6.25,0.5,10.75]},"faces":{"north":{"uv":[0.0,4.375,0.125,4.875],"rotation":270.0,"texture":"#1"},"east":{"uv":[0.625,4.375,0.75,4.875],"rotation":90.0,"texture":"#1"},"south":{"uv":[0.0,0.0,6.0,1.0],"texture":"#missing"},"west":{"uv":[0.0,4.375,0.125,4.875],"rotation":270.0,"texture":"#1"},"up":{"uv":[0.0,5.5,0.875,6.375],"texture":"#1"},"down":{"uv":[0.0,5.5,0.875,6.375],"rotation":180.0,"texture":"#1"}}}],"texture_size":[128.0,128.0]}