{"textures":{"0":"block/model/misc_blockstates","particle":"block/model/misc_blockstates"},"display":{"thirdperson_righthand":{"translation":[1.0,1.0,-1.0],"rotation":[63.0,34.0,0.0],"scale":[0.22656,0.22656,0.22656]},"thirdperson_lefthand":{"translation":[-1.75,-1.0,-1.0],"rotation":[63.0,34.0,0.0],"scale":[0.22656,0.22656,0.22656]},"firstperson_righthand":{"translation":[9.5,0.0,-5.75],"rotation":[3.0,112.0,-13.0],"scale":[0.27734,0.27734,0.27734]},"firstperson_lefthand":{"translation":[12.0,0.0,-5.25],"rotation":[3.0,112.0,-13.0],"scale":[0.27734,0.27734,0.27734]},"ground":{"translation":[0.0,-0.25,0.0],"scale":[0.21289,0.21289,0.21289]},"gui":{"translation":[-2.75,0.25,0.0],"rotation":[30.0,-158.0,0.0],"scale":[0.38047,0.38047,0.38047]},"head":{"translation":[0.0,-30.5,0.0],"scale":[1.6,1.6,1.6]},"fixed":{"translation":[0.0,-3.25,-7.5]}},"elements":[{"from":[0.0,-3.54675,13.12368],"to":[16.0,1.45325,13.12368],"rotation":{"angle":0.0,"axis":"y","origin":[0.0,-14.54675,13.12368]},"faces":{"north":{"uv":[2.125,3.0,4.125,3.625],"texture":"#0"},"east":{"uv":[6.375,0.5,6.5,0.625],"texture":"#0"},"south":{"uv":[4.125,3.0,2.125,3.625],"texture":"#0"},"west":{"uv":[6.375,0.5,6.5,0.625],"texture":"#0"},"up":{"uv":[6.375,0.5,6.5,0.625],"texture":"#0"},"down":{"uv":[6.375,0.5,6.5,0.625],"texture":"#0"}}},{"from":[0.0,0.51472,22.17157],"to":[16.0,15.76472,24.17157],"rotation":{"angle":45.0,"axis":"x","origin":[8.0,4.51472,26.17157]},"faces":{"north":{"uv":[2.125,0.0,4.125,1.90625],"texture":"#0"},"east":{"uv":[10.875,2.75,12.78125,2.5],"rotation":90.0,"texture":"#0"},"south":{"uv":[4.125,0.0,2.125,2.0],"texture":"#0"},"west":{"uv":[10.875,2.5,12.78125,2.75],"rotation":90.0,"texture":"#0"},"up":{"uv":[4.125,0.0,2.125,0.25],"texture":"#0"},"down":{"uv":[6.375,0.0,6.5,0.125],"texture":"#0"}}},{"from":[0.0,0.21769,12.97182],"to":[16.0,2.21769,21.72182],"rotation":{"angle":-22.5,"axis":"x","origin":[8.0,2.21769,14.97182]},"faces":{"north":{"uv":[4.125,2.25,2.125,2.0],"texture":"#0"},"east":{"uv":[10.625,2.5,10.875,3.59375],"rotation":90.0,"texture":"#0"},"south":{"uv":[2.125,2.875,4.125,3.0],"texture":"#0"},"west":{"uv":[10.625,3.59375,10.875,2.5],"rotation":90.0,"texture":"#0"},"up":{"uv":[2.125,2.0,4.125,3.09375],"texture":"#0"},"down":{"uv":[2.125,3.0,4.125,2.0],"texture":"#0"}}},{"from":[0.0,-0.54675,13.12368],"to":[16.0,-0.54675,31.87368],"rotation":{"angle":0.0,"axis":"y","origin":[0.0,-14.54675,13.12368]},"faces":{"north":{"uv":[8.5,3.0,10.5,3.625],"texture":"#0"},"east":{"uv":[6.375,0.5,6.5,0.625],"texture":"#0"},"south":{"uv":[10.5,3.0,8.5,3.625],"texture":"#0"},"west":{"uv":[6.375,0.5,6.5,0.625],"texture":"#0"},"up":{"uv":[14.0,2.375,16.0,0.0],"texture":"#0"},"down":{"uv":[14.0,0.0,16.0,2.375],"texture":"#0"}}}],"texture_size":[128.0,128.0]}