{"textures":{"0":"block/model/props_plants_hub","particle":"block/model/props_plants_hub"},"display":{"head":{"translation":[0.0,-30.5,0.0],"scale":[1.6,1.6,1.6]}},"elements":[{"from":[3.0,-16.0,3.0],"to":[13.0,-2.0,13.0],"faces":{"north":{"uv":[0.75,9.0,2.0,10.75],"texture":"#0"},"east":{"uv":[2.0,9.0,0.75,10.75],"texture":"#0"},"south":{"uv":[0.75,9.0,2.0,10.75],"texture":"#0"},"west":{"uv":[2.0,9.0,0.75,10.75],"texture":"#0"},"up":{"uv":[2.0,10.75,0.75,12.0],"texture":"#0"},"down":{"uv":[2.0,12.0,0.75,13.25],"texture":"#0"}}},{"from":[4.0,22.0,4.0],"to":[12.0,32.0,12.0],"faces":{"north":{"uv":[0.0,7.75,1.0,9.0],"texture":"#0"},"east":{"uv":[0.0,7.75,1.0,9.0],"texture":"#0"},"south":{"uv":[0.0,7.75,1.0,9.0],"texture":"#0"},"west":{"uv":[0.0,7.75,1.0,9.0],"texture":"#0"},"up":{"uv":[1.5,6.25,2.5,7.25],"texture":"#0"},"down":{"uv":[2.5,6.25,3.5,7.25],"texture":"#0"}}},{"from":[8.0,22.0,-2.0],"to":[8.0,32.0,18.0],"rotation":{"angle":45.0,"axis":"y","origin":[8.0,27.0,8.0]},"faces":{"north":{"uv":[0.0,0.0,1.0,1.0],"texture":"#missing"},"east":{"uv":[1.0,7.75,3.5,9.0],"texture":"#0"},"south":{"uv":[0.0,0.0,1.0,1.0],"texture":"#missing"},"west":{"uv":[1.0,7.75,3.5,9.0],"texture":"#0"},"up":{"uv":[0.0,0.0,1.0,1.0],"texture":"#missing"},"down":{"uv":[0.0,0.0,1.0,1.0],"texture":"#missing"}}},{"from":[-2.0,22.0,8.0],"to":[18.0,32.0,8.0],"rotation":{"angle":45.0,"axis":"y","origin":[8.0,27.0,8.0]},"faces":{"north":{"uv":[1.0,7.75,3.5,9.0],"texture":"#0"},"east":{"uv":[0.0,0.0,1.0,1.0],"texture":"#missing"},"south":{"uv":[1.0,7.75,3.5,9.0],"texture":"#0"},"west":{"uv":[0.0,0.0,1.0,1.0],"texture":"#missing"},"up":{"uv":[0.0,0.0,1.0,1.0],"rotation":90.0,"texture":"#missing"},"down":{"uv":[0.0,0.0,1.0,1.0],"rotation":270.0,"texture":"#missing"}}},{"from":[5.01,-1.99,5.01],"to":[10.99,31.99,10.99],"faces":{"north":{"uv":[0.0,9.0,0.75,13.25],"texture":"#0"},"east":{"uv":[0.75,9.0,0.0,13.25],"texture":"#0"},"south":{"uv":[0.0,9.0,0.75,13.25],"texture":"#0"},"west":{"uv":[0.75,9.0,0.0,13.25],"texture":"#0"},"up":{"uv":[0.0,0.0,1.0,1.0],"texture":"#missing"},"down":{"uv":[0.0,0.0,1.0,1.0],"texture":"#missing"}}}],"texture_size":[128.0,128.0]}