{"textures":{"0":"block/model/misc_blockstates","particle":"block/granite"},"parent":"block/block","display":{"thirdperson_righthand":{"translation":[0.0,1.0,-1.0],"rotation":[63.0,34.0,0.0],"scale":[0.37891,0.37891,0.37891]},"thirdperson_lefthand":{"translation":[0.0,1.0,-1.0],"rotation":[63.0,34.0,0.0],"scale":[0.37891,0.37891,0.37891]},"firstperson_righthand":{"translation":[9.5,0.0,-5.75],"rotation":[3.0,112.0,-13.0],"scale":[0.35547,0.35547,0.35547]},"firstperson_lefthand":{"translation":[9.5,0.0,-5.75],"rotation":[3.0,112.0,-13.0],"scale":[0.35547,0.35547,0.35547]},"ground":{"translation":[0.0,4.25,0.0],"scale":[0.28906,0.28906,0.28906]},"gui":{"translation":[-0.25,1.25,0.0],"rotation":[-155.47,-35.06,-179.51],"scale":[0.79258,0.79258,0.79258]},"head":{"translation":[0.0,-30.5,0.0],"scale":[1.6,1.6,1.6]},"fixed":{"translation":[0.0,-3.25,-7.5]}},"elements":[{"from":[2.0,0.0,9.0],"to":[7.0,2.0,14.0],"faces":{"north":{"uv":[0.0,5.625,0.625,5.875],"texture":"#0"},"east":{"uv":[0.0,5.625,0.625,5.875],"texture":"#0"},"south":{"uv":[0.0,5.625,0.625,5.875],"texture":"#0"},"west":{"uv":[0.0,5.625,0.625,5.875],"texture":"#0"},"up":{"uv":[0.0,5.0,0.625,5.625],"texture":"#0"},"down":{"uv":[0.0,5.75,0.125,5.875],"texture":"#0"}}},{"from":[12.0,0.0,8.0],"to":[14.0,1.0,10.0],"faces":{"north":{"uv":[1.125,5.25,1.375,5.375],"texture":"#0"},"east":{"uv":[1.125,5.25,1.375,5.375],"texture":"#0"},"south":{"uv":[1.125,5.25,1.375,5.375],"texture":"#0"},"west":{"uv":[1.125,5.25,1.375,5.375],"texture":"#0"},"up":{"uv":[1.125,5.0,1.375,5.25],"texture":"#0"},"down":{"uv":[0.0,5.75,0.125,5.875],"texture":"#0"}}},{"from":[8.0,0.0,2.0],"to":[12.0,1.0,6.0],"faces":{"north":{"uv":[0.625,5.5,1.125,5.625],"texture":"#0"},"east":{"uv":[0.625,5.5,1.125,5.625],"texture":"#0"},"south":{"uv":[0.625,5.5,1.125,5.625],"texture":"#0"},"west":{"uv":[0.625,5.5,1.125,5.625],"texture":"#0"},"up":{"uv":[0.625,5.0,1.125,5.5],"texture":"#0"},"down":{"uv":[0.0,5.75,0.125,5.875],"texture":"#0"}}}],"ambientocclusion":false,"texture_size":[128.0,128.0]}