{"textures":{"0":"block/model/seafoam_3","particle":"block/model/seafoam_3"},"elements":[{"from":[0.0,-1.0,0.0],"to":[16.0,-1.0,16.0],"rotation":{"angle":0.0,"axis":"y","origin":[8.0,0.0,8.0]},"faces":{"north":{"uv":[0.0,0.0,1.0,1.0],"texture":"#missing"},"east":{"uv":[0.0,0.0,1.0,1.0],"texture":"#missing"},"south":{"uv":[0.0,0.0,1.0,1.0],"texture":"#missing"},"west":{"uv":[0.0,0.0,1.0,1.0],"texture":"#missing"},"up":{"uv":[0.0,0.0,16.0,16.0],"rotation":180.0,"texture":"#0"},"down":{"uv":[0.0,16.0,16.0,0.0],"rotation":180.0,"texture":"#0"}}}]}