{"textures":{"1":"block/model/snow_side","particle":"block/snow","texture":"block/snow"},"parent":"block/thin_block","elements":[{"from":[-0.48,0.5,-0.48],"to":[16.48,3.62,16.48],"rotation":{"angle":0.0,"axis":"y","origin":[-0.48,0.0,-0.48]},"faces":{"north":{"uv":[0.0,14.0,16.0,16.0],"texture":"#texture","cullface":"north"},"east":{"uv":[0.0,14.0,16.0,16.0],"texture":"#texture","cullface":"east"},"south":{"uv":[0.0,14.0,16.0,16.0],"texture":"#texture","cullface":"south"},"west":{"uv":[0.0,14.0,16.0,16.0],"texture":"#texture","cullface":"west"},"up":{"uv":[0.0,0.0,16.0,16.0],"texture":"#texture"},"down":{"uv":[0.0,0.0,16.0,16.0],"texture":"#texture","cullface":"down"}}},{"from":[-0.5012,-4.8212,-0.5012],"to":[16.5012,0.5212,16.5012],"rotation":{"angle":0.0,"axis":"y","origin":[-0.48,0.0,-0.48]},"faces":{"north":{"uv":[0.0,0.0,16.0,5.0],"texture":"#1","cullface":"north"},"east":{"uv":[0.0,0.0,16.0,5.0],"texture":"#1","cullface":"north"},"south":{"uv":[0.0,0.0,16.0,5.0],"texture":"#1","cullface":"north"},"west":{"uv":[0.0,0.0,16.0,5.0],"texture":"#1","cullface":"north"}}},{"name":"cube inverted","from":[16.5012,0.5212,16.5012],"to":[-0.5012,-4.8212,-0.5012],"rotation":{"angle":0.0,"axis":"y","origin":[-0.48,0.0,-0.48]},"faces":{"north":{"uv":[0.0,5.0,16.0,0.0],"texture":"#1","cullface":"north"},"east":{"uv":[0.0,5.0,16.0,0.0],"texture":"#1","cullface":"north"},"south":{"uv":[0.0,5.0,16.0,0.0],"texture":"#1","cullface":"north"},"west":{"uv":[0.0,5.0,16.0,0.0],"texture":"#1","cullface":"north"}}}]}