{"textures":{"0":"block/oak_leaves_model","particle":"block/oak_leaves_model"},"elements":[{"from":[0.0,15.75,0.0],"to":[16.0,15.75,16.0],"faces":{"north":{"uv":[0.0,0.0,1.0,1.0],"texture":"#missing"},"east":{"uv":[0.0,0.0,1.0,1.0],"texture":"#missing"},"south":{"uv":[0.0,0.0,1.0,1.0],"texture":"#missing"},"west":{"uv":[0.0,0.0,1.0,1.0],"texture":"#missing"},"up":{"uv":[12.0,8.0,16.0,12.0],"texture":"#0"},"down":{"uv":[12.0,8.0,16.0,12.0],"texture":"#0"}}},{"from":[-2.0,-0.25,8.0],"to":[18.0,15.75,8.0],"rotation":{"angle":45.0,"axis":"y","origin":[8.0,7.75,8.0]},"faces":{"north":{"uv":[12.0,12.0,16.0,16.0],"texture":"#0"},"east":{"uv":[0.0,0.0,1.0,1.0],"texture":"#missing"},"south":{"uv":[12.0,12.0,16.0,16.0],"texture":"#0"},"west":{"uv":[0.0,0.0,1.0,1.0],"texture":"#missing"},"up":{"uv":[0.0,0.0,1.0,1.0],"texture":"#missing"},"down":{"uv":[0.0,0.0,1.0,1.0],"texture":"#missing"}}},{"from":[8.0,-0.25,-2.0],"to":[8.0,15.75,18.0],"rotation":{"angle":45.0,"axis":"y","origin":[8.0,7.75,8.0]},"faces":{"north":{"uv":[0.0,0.0,1.0,1.0],"texture":"#missing"},"east":{"uv":[12.0,12.0,16.0,16.0],"texture":"#0"},"south":{"uv":[0.0,0.0,1.0,1.0],"texture":"#missing"},"west":{"uv":[12.0,12.0,16.0,16.0],"texture":"#0"},"up":{"uv":[0.0,0.0,1.0,1.0],"rotation":90.0,"texture":"#missing"},"down":{"uv":[0.0,0.0,1.0,1.0],"rotation":270.0,"texture":"#missing"}}}],"texture_size":[64.0,64.0]}