{"textures":{"particle":"block/lantern","lantern":"block/lantern"},"parent":"block/block","elements":[{"from":[5.5,3.0,5.5],"to":[10.5,8.0,10.5],"rotation":{"angle":0.0,"axis":"y","origin":[0.5,0.0,0.5]},"faces":{"north":{"uv":[0.0,1.0,5.0,6.0],"texture":"#lantern"},"east":{"uv":[0.0,1.0,5.0,6.0],"texture":"#lantern"},"south":{"uv":[0.0,1.0,5.0,6.0],"texture":"#lantern"},"west":{"uv":[0.0,1.0,5.0,6.0],"texture":"#lantern"},"up":{"uv":[6.0,10.0,11.0,15.0],"texture":"#lantern"},"down":{"uv":[0.0,9.0,5.0,14.0],"texture":"#lantern"}}},{"from":[11.0,8.5,11.0],"to":[5.0,2.5,5.0],"rotation":{"angle":0.0,"axis":"y","origin":[0.0,0.0,1.0]},"faces":{"north":{"uv":[3.0,6.0,4.0,7.0],"texture":"#lantern"},"east":{"uv":[3.0,6.0,4.0,7.0],"texture":"#lantern"},"south":{"uv":[3.0,6.0,4.0,7.0],"texture":"#lantern"},"west":{"uv":[3.0,6.0,4.0,7.0],"texture":"#lantern"},"up":{"uv":[3.0,6.0,4.0,7.0],"texture":"#lantern"},"down":{"uv":[3.0,6.0,4.0,7.0],"texture":"#lantern"}}},{"from":[10.0,10.0,10.0],"to":[6.0,8.5,6.0],"rotation":{"angle":0.0,"axis":"y","origin":[0.0,0.0,1.0]},"faces":{"north":{"uv":[3.0,6.0,4.0,7.0],"texture":"#lantern"},"east":{"uv":[3.0,6.0,4.0,7.0],"texture":"#lantern"},"south":{"uv":[3.0,6.0,4.0,7.0],"texture":"#lantern"},"west":{"uv":[3.0,6.0,4.0,7.0],"texture":"#lantern"},"up":{"uv":[3.0,7.0,4.0,8.0],"texture":"#lantern"},"down":{"uv":[3.0,7.0,4.0,8.0],"texture":"#lantern"}}},{"from":[5.5,10.0,5.5],"to":[10.5,13.0,10.5],"rotation":{"angle":0.0,"axis":"y","origin":[0.5,0.0,0.5]},"faces":{"north":{"uv":[11.0,0.0,16.0,3.0],"texture":"#lantern"},"east":{"uv":[11.0,0.0,16.0,3.0],"texture":"#lantern"},"south":{"uv":[11.0,0.0,16.0,3.0],"texture":"#lantern"},"west":{"uv":[11.0,0.0,16.0,3.0],"texture":"#lantern"},"up":{"uv":[11.0,3.0,16.0,8.0],"texture":"#lantern"},"down":{"uv":[11.0,3.0,16.0,8.0],"texture":"#lantern"}}},{"from":[6.5,8.0,6.5],"to":[9.5,11.0,9.5],"rotation":{"angle":0.0,"axis":"y","origin":[-0.5,0.0,-0.5]},"faces":{"north":{"uv":[0.0,6.0,3.0,9.0],"texture":"#lantern"},"east":{"uv":[0.0,6.0,3.0,9.0],"texture":"#lantern"},"south":{"uv":[0.0,6.0,3.0,9.0],"texture":"#lantern"},"west":{"uv":[0.0,6.0,3.0,9.0],"texture":"#lantern"},"up":{"uv":[1.0,10.0,5.0,14.0],"texture":"#lantern"},"down":{"uv":[1.0,10.0,5.0,14.0],"texture":"#lantern"}}},{"from":[8.0,10.0,6.5],"to":[8.0,16.0,9.5],"shade":false,"rotation":{"angle":0.0,"axis":"y","origin":[8.0,13.0,8.0]},"faces":{"east":{"uv":[8.0,0.0,11.0,6.0],"texture":"#lantern"},"west":{"uv":[8.0,0.0,11.0,6.0],"texture":"#lantern"}}},{"from":[6.5,10.0,8.0],"to":[9.5,16.0,8.0],"shade":false,"rotation":{"angle":0.0,"axis":"y","origin":[8.0,13.0,8.0]},"faces":{"north":{"uv":[8.0,0.0,11.0,6.0],"texture":"#lantern"},"south":{"uv":[8.0,0.0,11.0,6.0],"texture":"#lantern"}}}]}