{"textures":{"0":"block/model/props_outdoor_1","particle":"block/model/props_outdoor_1"},"display":{"thirdperson_righthand":{"translation":[0.0,1.75,-1.0],"rotation":[63.0,34.0,0.0],"scale":[0.23829,0.23829,0.23829]},"thirdperson_lefthand":{"translation":[-3.0,-0.75,-1.0],"rotation":[63.0,34.0,0.0],"scale":[0.23829,0.23829,0.23829]},"firstperson_righthand":{"translation":[4.0,0.0,-4.75],"rotation":[3.0,112.0,-13.0],"scale":[0.25195,0.25195,0.25195]},"firstperson_lefthand":{"translation":[4.0,0.0,-4.75],"rotation":[3.0,112.0,-13.0],"scale":[0.25195,0.25195,0.25195]},"ground":{"translation":[1.75,4.25,-1.5],"scale":[0.28906,0.28906,0.28906]},"gui":{"translation":[-2.0,-1.5,0.0],"rotation":[30.0,-158.0,0.0],"scale":[0.43515,0.43515,0.43515]},"head":{"translation":[0.0,-30.5,0.0],"scale":[1.6,1.6,1.6]},"fixed":{"translation":[0.0,-3.25,-7.5]}},"elements":[{"from":[3.0,-14.0,3.0],"to":[13.0,-9.0,13.0],"faces":{"north":{"uv":[12.125,2.75,13.375,3.375],"texture":"#0"},"east":{"uv":[12.125,2.75,13.375,3.375],"texture":"#0"},"south":{"uv":[12.125,2.75,13.375,3.375],"texture":"#0"},"west":{"uv":[12.125,2.75,13.375,3.375],"texture":"#0"},"up":{"uv":[0.0,0.0,0.125,0.125],"texture":"#missing"},"down":{"uv":[0.0,0.0,0.125,0.125],"texture":"#missing"}}},{"from":[2.0,-16.0,2.0],"to":[14.0,-14.0,14.0],"faces":{"north":{"uv":[9.875,4.75,11.375,5.0],"texture":"#0"},"east":{"uv":[9.875,4.75,11.375,5.0],"texture":"#0"},"south":{"uv":[9.875,4.75,11.375,5.0],"texture":"#0"},"west":{"uv":[9.875,4.75,11.375,5.0],"texture":"#0"},"up":{"uv":[9.875,5.0,11.375,6.5],"texture":"#0"},"down":{"uv":[9.875,5.0,11.375,6.5],"texture":"#0"}}},{"from":[1.0,-9.0,1.0],"to":[15.0,0.0,15.0],"faces":{"north":{"uv":[13.375,0.0,15.125,1.125],"texture":"#0"},"east":{"uv":[13.375,0.0,15.125,1.125],"texture":"#0"},"south":{"uv":[13.375,0.0,15.125,1.125],"texture":"#0"},"west":{"uv":[13.375,0.0,15.125,1.125],"texture":"#0"},"up":{"uv":[13.375,1.125,15.125,2.875],"texture":"#0"},"down":{"uv":[13.375,2.875,15.125,4.625],"texture":"#0"}}}],"texture_size":[128.0,128.0]}