{"credit":"Made by Magic-Store","textures":{"0":"magicstore:furnitures/lunarfurniture_v2/lunarfurniture_v2_1","particle":"magicstore:furnitures/lunarfurniture_v2/lunarfurniture_v2_1"},"elements":[{"from":[-3.1,-15.9,18],"to":[-0.1,-4.9,29],"faces":{"north":{"uv":[2.625,5.125,3,6.5],"texture":"#0"},"east":{"uv":[1.125,6.125,2.5,7.5],"texture":"#0"},"south":{"uv":[2.625,5.125,3,6.5],"texture":"#0"},"west":{"uv":[1.125,6.125,2.5,7.5],"texture":"#0"},"up":{"uv":[3.5,6.5,3.125,5.125],"texture":"#0"},"down":{"uv":[4,6.5,3.625,5.125],"texture":"#0"}}},{"from":[-3.1,-15.9,29],"to":[-0.1,-4.9,18],"faces":{"north":{"uv":[2.625,5.125,3,6.5],"texture":"#0"},"east":{"uv":[1.125,6.125,2.5,7.5],"texture":"#0"},"south":{"uv":[2.625,5.125,3,6.5],"texture":"#0"},"west":{"uv":[1.125,6.125,2.5,7.5],"texture":"#0"},"up":{"uv":[3.5,6.5,3.125,5.125],"texture":"#0"},"down":{"uv":[4,6.5,3.625,5.125],"texture":"#0"}}},{"from":[-3.1,-15.9,-4],"to":[-0.1,-4.9,7],"faces":{"north":{"uv":[2.625,5.125,3,6.5],"texture":"#0"},"east":{"uv":[1.125,6.125,2.5,7.5],"texture":"#0"},"south":{"uv":[2.625,5.125,3,6.5],"texture":"#0"},"west":{"uv":[1.125,6.125,2.5,7.5],"texture":"#0"},"up":{"uv":[3.5,6.5,3.125,5.125],"texture":"#0"},"down":{"uv":[4,6.5,3.625,5.125],"texture":"#0"}}},{"from":[-3.1,-15.9,7],"to":[-0.1,-4.9,-4],"faces":{"north":{"uv":[2.625,5.125,3,6.5],"texture":"#0"},"east":{"uv":[1.125,6.125,2.5,7.5],"texture":"#0"},"south":{"uv":[2.625,5.125,3,6.5],"texture":"#0"},"west":{"uv":[1.125,6.125,2.5,7.5],"texture":"#0"},"up":{"uv":[3.5,6.5,3.125,5.125],"texture":"#0"},"down":{"uv":[4,6.5,3.625,5.125],"texture":"#0"}}},{"from":[16.1,-15.9,18],"to":[19.1,-4.9,29],"rotation":{"angle":0,"axis":"y","origin":[16,0,0]},"faces":{"north":{"uv":[3,5.125,2.625,6.5],"texture":"#0"},"east":{"uv":[2.5,6.125,1.125,7.5],"texture":"#0"},"south":{"uv":[3,5.125,2.625,6.5],"texture":"#0"},"west":{"uv":[2.5,6.125,1.125,7.5],"texture":"#0"},"up":{"uv":[3.125,6.5,3.5,5.125],"texture":"#0"},"down":{"uv":[3.625,6.5,4,5.125],"texture":"#0"}}},{"from":[16.1,-15.9,29],"to":[19.1,-4.9,18],"rotation":{"angle":0,"axis":"y","origin":[16,0,0]},"faces":{"north":{"uv":[3,5.125,2.625,6.5],"texture":"#0"},"east":{"uv":[2.5,6.125,1.125,7.5],"texture":"#0"},"south":{"uv":[3,5.125,2.625,6.5],"texture":"#0"},"west":{"uv":[2.5,6.125,1.125,7.5],"texture":"#0"},"up":{"uv":[3.125,6.5,3.5,5.125],"texture":"#0"},"down":{"uv":[3.625,6.5,4,5.125],"texture":"#0"}}},{"from":[16.1,-15.9,7],"to":[19.1,-4.9,-4],"rotation":{"angle":0,"axis":"y","origin":[16,0,0]},"faces":{"north":{"uv":[3,5.125,2.625,6.5],"texture":"#0"},"east":{"uv":[2.5,6.125,1.125,7.5],"texture":"#0"},"south":{"uv":[3,5.125,2.625,6.5],"texture":"#0"},"west":{"uv":[2.5,6.125,1.125,7.5],"texture":"#0"},"up":{"uv":[3.125,6.5,3.5,5.125],"texture":"#0"},"down":{"uv":[3.625,6.5,4,5.125],"texture":"#0"}}},{"from":[16.1,-15.9,-4],"to":[19.1,-4.9,7],"rotation":{"angle":0,"axis":"y","origin":[16,0,0]},"faces":{"north":{"uv":[3,5.125,2.625,6.5],"texture":"#0"},"east":{"uv":[2.5,6.125,1.125,7.5],"texture":"#0"},"south":{"uv":[3,5.125,2.625,6.5],"texture":"#0"},"west":{"uv":[2.5,6.125,1.125,7.5],"texture":"#0"},"up":{"uv":[3.125,6.5,3.5,5.125],"texture":"#0"},"down":{"uv":[3.625,6.5,4,5.125],"texture":"#0"}}},{"from":[-1,-3,-7],"to":[17,0,31],"faces":{"north":{"uv":[2.375,4.625,4.625,5],"texture":"#0"},"east":{"uv":[4.75,4.375,9.5,4.75],"texture":"#0"},"south":{"uv":[2.375,4.625,4.625,5],"texture":"#0"},"west":{"uv":[4.75,4.375,9.5,4.75],"texture":"#0"},"up":{"uv":[2.25,4.75,0,0],"texture":"#0"},"down":{"uv":[2.25,4.75,0,0],"texture":"#0"}}},{"from":[0,-12,-6],"to":[16,-3,30],"faces":{"north":{"uv":[0,4.875,2,6],"texture":"#0"},"east":{"uv":[13.375,0,8.875,1.125],"texture":"#0"},"south":{"uv":[0,4.875,2,6],"texture":"#0"},"west":{"uv":[8.875,0,13.375,1.125],"texture":"#0"},"down":{"uv":[4.375,0,2.375,4.5],"texture":"#0"}}},{"from":[1,-5,-16],"to":[4,-2,-5],"rotation":{"angle":22.5,"axis":"x","origin":[2,-4,-6]},"faces":{"north":{"uv":[8.875,3.25,9.25,3.625],"texture":"#0"},"east":{"uv":[10.25,1.25,8.875,1.625],"texture":"#0"},"south":{"uv":[9.375,3.25,9.75,3.625],"texture":"#0"},"west":{"uv":[8.875,1.25,10.25,1.625],"texture":"#0"},"up":{"uv":[9.375,1.75,9.75,3.125],"texture":"#0"},"down":{"uv":[8.875,1.75,9.25,3.125],"texture":"#0"}}},{"from":[12,-5,-16],"to":[15,-2,-5],"rotation":{"angle":22.5,"axis":"x","origin":[2,-4,-6]},"faces":{"north":{"uv":[8.875,3.25,9.25,3.625],"texture":"#0"},"east":{"uv":[10.25,1.25,8.875,1.625],"texture":"#0"},"south":{"uv":[9.375,3.25,9.75,3.625],"texture":"#0"},"west":{"uv":[8.875,1.25,10.25,1.625],"texture":"#0"},"up":{"uv":[9.375,1.75,9.75,3.125],"texture":"#0"},"down":{"uv":[8.875,1.75,9.25,3.125],"texture":"#0"}}},{"from":[0,0,28],"to":[2,20,30],"faces":{"north":{"uv":[0.75,6.125,1,8.625],"texture":"#0"},"east":{"uv":[1,6.125,0.75,8.625],"texture":"#0"},"south":{"uv":[0.75,6.125,1,8.625],"texture":"#0"},"west":{"uv":[1,6.125,0.75,8.625],"texture":"#0"},"up":{"uv":[2.375,5.375,2.125,5.125],"texture":"#0"},"down":{"uv":[2.125,5.375,2.375,5.125],"texture":"#0"}}},{"from":[-1,8,-7],"to":[1,26,-5],"rotation":{"angle":-45,"axis":"z","origin":[8,17,-6]},"faces":{"north":{"uv":[0,6.125,0.25,8.375],"texture":"#0"},"east":{"uv":[0.25,6.125,0,8.375],"texture":"#0"},"south":{"uv":[0.625,6.125,0.375,8.375],"texture":"#0"},"west":{"uv":[0.375,6.125,0.625,8.375],"texture":"#0"},"up":{"uv":[0,6.125,0.25,6.25],"rotation":180,"texture":"#0"},"down":{"uv":[0.375,6.125,0.625,6.375],"texture":"#0"}}},{"from":[0,8,-5],"to":[1,25,29],"rotation":{"angle":-45,"axis":"z","origin":[8,17,30]},"faces":{"north":{"uv":[6.5,6.25,6.625,8.25],"texture":"#0"},"east":{"uv":[4.5,0,8.75,2],"texture":"#0"},"south":{"uv":[6.5,6.25,6.625,8.25],"texture":"#0"},"west":{"uv":[4.5,2.125,8.75,4.25],"texture":"#0"},"up":{"uv":[4.5,2.125,8.75,2.25],"rotation":90,"texture":"#0"},"down":{"uv":[4.5,4.125,8.75,4.25],"rotation":90,"texture":"#0"}}},{"from":[14,0,28],"to":[16,20,30],"rotation":{"angle":0,"axis":"y","origin":[16,0,0]},"faces":{"north":{"uv":[1,6.125,0.75,8.625],"texture":"#0"},"east":{"uv":[0.75,6.125,1,8.625],"texture":"#0"},"south":{"uv":[1,6.125,0.75,8.625],"texture":"#0"},"west":{"uv":[0.75,6.125,1,8.625],"texture":"#0"},"up":{"uv":[2.125,5.375,2.375,5.125],"texture":"#0"},"down":{"uv":[2.375,5.375,2.125,5.125],"texture":"#0"}}},{"from":[0,0,-6],"to":[2,20,-4],"rotation":{"angle":0,"axis":"y","origin":[0,0,16]},"faces":{"north":{"uv":[1,6.125,0.75,8.625],"texture":"#0"},"east":{"uv":[0.75,6.125,1,8.625],"texture":"#0"},"south":{"uv":[1,6.125,0.75,8.625],"texture":"#0"},"west":{"uv":[0.75,6.125,1,8.625],"texture":"#0"},"up":{"uv":[2.375,5.125,2.125,5.375],"texture":"#0"},"down":{"uv":[2.125,5.125,2.375,5.375],"texture":"#0"}}},{"from":[14,0,-6],"to":[16,20,-4],"rotation":{"angle":0,"axis":"y","origin":[16,0,16]},"faces":{"north":{"uv":[0.75,6.125,1,8.625],"texture":"#0"},"east":{"uv":[1,6.125,0.75,8.625],"texture":"#0"},"south":{"uv":[0.75,6.125,1,8.625],"texture":"#0"},"west":{"uv":[1,6.125,0.75,8.625],"texture":"#0"},"up":{"uv":[2.125,5.125,2.375,5.375],"texture":"#0"},"down":{"uv":[2.375,5.125,2.125,5.375],"texture":"#0"}}},{"from":[15,8,-5],"to":[16,24,29],"rotation":{"angle":45,"axis":"z","origin":[8,17,30]},"faces":{"north":{"uv":[6.625,6.25,6.5,8.25],"texture":"#0"},"east":{"uv":[8.75,2.25,4.5,4.25],"texture":"#0"},"south":{"uv":[6.625,6.25,6.5,8.25],"texture":"#0"},"west":{"uv":[8.75,0,4.5,2],"texture":"#0"},"up":{"uv":[4.5,2.25,8.75,2.125],"rotation":90,"texture":"#0"},"down":{"uv":[4.5,4.25,8.75,4.125],"rotation":90,"texture":"#0"}}},{"from":[15,8,-7],"to":[17,24,-5],"rotation":{"angle":45,"axis":"z","origin":[8,17,-6]},"faces":{"north":{"uv":[0.25,6.375,0,8.375],"texture":"#0"},"east":{"uv":[0.625,6.375,0.375,8.375],"texture":"#0"},"south":{"uv":[0.375,6.375,0.625,8.375],"texture":"#0"},"west":{"uv":[0,6.375,0.25,8.375],"texture":"#0"},"up":{"uv":[0.25,6.125,0,6.25],"rotation":180,"texture":"#0"},"down":{"uv":[0.625,6.125,0.375,6.375],"texture":"#0"}}},{"from":[15,8,29],"to":[17,24,31],"rotation":{"angle":45,"axis":"z","origin":[8,17,30]},"faces":{"north":{"uv":[0.625,6.375,0.375,8.375],"texture":"#0"},"east":{"uv":[0.375,6.375,0.625,8.375],"texture":"#0"},"south":{"uv":[0,6.375,0.25,8.375],"texture":"#0"},"west":{"uv":[0.25,6.375,0,8.375],"texture":"#0"},"up":{"uv":[0.25,6.25,0,6.125],"rotation":180,"texture":"#0"},"down":{"uv":[0.625,6.375,0.375,6.125],"texture":"#0"}}},{"from":[-1,8,29],"to":[1,26,31],"rotation":{"angle":-45,"axis":"z","origin":[8,17,30]},"faces":{"north":{"uv":[0.375,6.125,0.625,8.375],"texture":"#0"},"east":{"uv":[0,6.125,0.25,8.375],"texture":"#0"},"south":{"uv":[0.25,6.125,0,8.375],"texture":"#0"},"west":{"uv":[0.625,6.125,0.375,8.375],"texture":"#0"},"up":{"uv":[0,6.25,0.25,6.125],"rotation":180,"texture":"#0"},"down":{"uv":[0.375,6.375,0.625,6.125],"texture":"#0"}}},{"from":[2,15,29],"to":[14,19,29],"faces":{"north":{"uv":[4.125,5.5,5.625,6],"texture":"#0"},"east":{"uv":[0,0,0,0.5],"texture":"#missing"},"south":{"uv":[4.125,5.5,5.625,6],"texture":"#0"},"west":{"uv":[0,0,0,0.5],"texture":"#missing"},"up":{"uv":[0,0,1.5,0],"texture":"#missing"},"down":{"uv":[0,0,1.5,0],"texture":"#missing"}}},{"from":[2,15,-5],"to":[14,19,-5],"faces":{"north":{"uv":[4.125,5.5,5.625,6],"texture":"#0"},"east":{"uv":[0,0,0,0.5],"texture":"#missing"},"south":{"uv":[4.125,5.5,5.625,6],"texture":"#0"},"west":{"uv":[0,0,0,0.5],"texture":"#missing"},"up":{"uv":[0,0,1.5,0],"texture":"#missing"},"down":{"uv":[0,0,1.5,0],"texture":"#missing"}}},{"from":[1,15,-4],"to":[1,19,28],"faces":{"north":{"uv":[0,0,0,0.5],"texture":"#missing"},"east":{"uv":[4.75,4.875,8.75,5.375],"texture":"#0"},"south":{"uv":[0,0,0,0.5],"texture":"#missing"},"west":{"uv":[4.75,4.875,8.75,5.375],"texture":"#0"},"up":{"uv":[0,0,0,4],"texture":"#missing"},"down":{"uv":[0,0,0,4],"texture":"#missing"}}},{"from":[15,15,-4],"to":[15,19,28],"faces":{"north":{"uv":[0,0,0,0.5],"texture":"#missing"},"east":{"uv":[4.75,4.875,8.75,5.375],"texture":"#0"},"south":{"uv":[0,0,0,0.5],"texture":"#missing"},"west":{"uv":[4.75,4.875,8.75,5.375],"texture":"#0"},"up":{"uv":[0,0,0,4],"texture":"#missing"},"down":{"uv":[0,0,0,4],"texture":"#missing"}}},{"from":[2,0,-5],"to":[14,4,-5],"faces":{"north":{"uv":[5.75,5.5,7.25,6],"texture":"#0"},"east":{"uv":[0,0,0,0.5],"texture":"#missing"},"south":{"uv":[5.75,5.5,7.25,6],"texture":"#0"},"west":{"uv":[0,0,0,0.5],"texture":"#missing"},"up":{"uv":[0,0,1.5,0],"texture":"#missing"},"down":{"uv":[0,0,1.5,0],"texture":"#missing"}}},{"from":[2,0,29],"to":[14,4,29],"faces":{"north":{"uv":[5.75,5.5,7.25,6],"texture":"#0"},"east":{"uv":[0,0,0,0.5],"texture":"#missing"},"south":{"uv":[5.75,5.5,7.25,6],"texture":"#0"},"west":{"uv":[0,0,0,0.5],"texture":"#missing"},"up":{"uv":[0,0,1.5,0],"texture":"#missing"},"down":{"uv":[0,0,1.5,0],"texture":"#missing"}}}],"display":{"thirdperson_righthand":{"rotation":[45,25,0],"translation":[0,3,1.5],"scale":[0.3,0.3,0.3]},"thirdperson_lefthand":{"rotation":[45,25,0],"translation":[0,3,1.5],"scale":[0.3,0.3,0.3]},"firstperson_righthand":{"rotation":[0,14,0],"translation":[2.25,2.5,0],"scale":[0.5,0.5,0.5]},"firstperson_lefthand":{"rotation":[0,14,0],"translation":[2.25,2.5,0],"scale":[0.5,0.5,0.5]},"ground":{"translation":[0,0.75,0],"scale":[0.3,0.3,0.3]},"gui":{"rotation":[30,135,0],"translation":[-1,0.75,0],"scale":[0.3,0.3,0.3]},"head":{"translation":[0,-30.5,0],"scale":[1.6,1.6,1.6]},"fixed":{"rotation":[-90,0,0],"translation":[0,0,-48],"scale":[2,2,2]}}}