{"credit":"Made by Magic-Store","texture_size":[128,128],"textures":{"0":"magicstore:furnitures/lunarfurniture_v2/lunarfurniture_v2_13","particle":"magicstore:furnitures/lunarfurniture_v2/lunarfurniture_v2_13"},"elements":[{"from":[-8,-9,6],"to":[-4,16,10],"rotation":{"angle":0,"axis":"y","origin":[8.5,8.625,6.41421]},"faces":{"north":{"uv":[0,4,0.5,7.125],"texture":"#0"},"east":{"uv":[0,4,0.5,7.125],"texture":"#0"},"south":{"uv":[0,4,0.5,7.125],"texture":"#0"},"west":{"uv":[0,4,0.5,7.125],"texture":"#0"}}},{"from":[-8.5,-16,5.5],"to":[-3.5,-9,10.5],"rotation":{"angle":0,"axis":"y","origin":[8.5,8.625,6.41421]},"faces":{"north":{"uv":[12.6875,0,13.3125,0.875],"texture":"#0"},"east":{"uv":[12.6875,0,13.3125,0.875],"texture":"#0"},"south":{"uv":[12.6875,0,13.3125,0.875],"texture":"#0"},"west":{"uv":[12.6875,0,13.3125,0.875],"texture":"#0"},"up":{"uv":[10.375,2.375,11,3],"texture":"#0"},"down":{"uv":[11.0625,2.375,11.6875,3],"texture":"#0"}}},{"from":[20,-9,6],"to":[24,16,10],"rotation":{"angle":0,"axis":"y","origin":[8.5,8.625,6.41421]},"faces":{"north":{"uv":[0.5,4,0,7.125],"texture":"#0"},"east":{"uv":[0.5,4,0,7.125],"texture":"#0"},"south":{"uv":[0.5,4,0,7.125],"texture":"#0"},"west":{"uv":[0.5,4,0,7.125],"texture":"#0"}}},{"from":[19.5,-16,5.5],"to":[24.5,-9,10.5],"rotation":{"angle":0,"axis":"y","origin":[8.5,8.625,6.41421]},"faces":{"north":{"uv":[13.3125,0,12.6875,0.875],"texture":"#0"},"east":{"uv":[13.3125,0,12.6875,0.875],"texture":"#0"},"south":{"uv":[13.3125,0,12.6875,0.875],"texture":"#0"},"west":{"uv":[13.3125,0,12.6875,0.875],"texture":"#0"},"up":{"uv":[11,2.375,10.375,3],"texture":"#0"},"down":{"uv":[11.6875,2.375,11.0625,3],"texture":"#0"}}},{"from":[-11.5,16,4],"to":[27.5,19,12],"rotation":{"angle":0,"axis":"y","origin":[8.5,8.625,6.41421]},"faces":{"north":{"uv":[5.4375,0,10.3125,0.375],"texture":"#0"},"east":{"uv":[13.375,0,14.375,0.375],"texture":"#0"},"south":{"uv":[5.4375,0,10.3125,0.375],"texture":"#0"},"west":{"uv":[13.375,0,14.375,0.375],"texture":"#0"},"down":{"uv":[10.3125,2,5.4375,3],"texture":"#0"}}},{"from":[-13.5,19,2],"to":[29.5,21,14],"rotation":{"angle":0,"axis":"y","origin":[8.5,8.625,6.41421]},"faces":{"north":{"uv":[5.4375,3.0625,10.8125,3.3125],"texture":"#0"},"east":{"uv":[10.625,0.4375,12.125,0.6875],"texture":"#0"},"south":{"uv":[5.4375,3.0625,10.8125,3.3125],"texture":"#0"},"west":{"uv":[10.625,0.4375,12.125,0.6875],"texture":"#0"},"up":{"uv":[5.375,1.5,0,0],"texture":"#0"},"down":{"uv":[5.375,1.5625,0,3.0625],"texture":"#0"}}},{"from":[-12.5,19.87545,12.61441],"to":[28.5,20.87545,20.61441],"rotation":{"angle":-45,"axis":"x","origin":[8.5,8.625,6.41421]},"faces":{"north":{"uv":[5.4375,0.4375,10.5625,0.5625],"texture":"#0"},"east":{"uv":[10.375,0.25,11.375,0.375],"texture":"#0"},"west":{"uv":[11.375,0.25,10.375,0.375],"texture":"#0"},"up":{"uv":[12.625,1.8125,7.5,0.8125],"texture":"#0"},"down":{"uv":[12.625,0.8125,7.5,1.8125],"texture":"#0"}}},{"from":[-12.5,22.11809,-5.54334],"to":[28.5,23.11809,2.45666],"rotation":{"angle":45,"axis":"x","origin":[8.5,8.625,6.41421]},"faces":{"east":{"uv":[11.375,0.25,10.375,0.375],"texture":"#0"},"south":{"uv":[10.5625,0.4375,5.4375,0.5625],"texture":"#0"},"west":{"uv":[10.375,0.25,11.375,0.375],"texture":"#0"},"up":{"uv":[12.625,0.8125,7.5,1.8125],"texture":"#0"},"down":{"uv":[12.625,1.8125,7.5,0.8125],"texture":"#0"}}},{"from":[0.5,18.38585,-7.72532],"to":[16.5,24.38585,-6.72532],"rotation":{"angle":45,"axis":"x","origin":[8.5,8.625,6.41421]},"faces":{"north":{"uv":[5.4375,0.625,7.4375,1.375],"texture":"#0"},"east":{"uv":[5,3.125,5.125,3.875],"texture":"#0"},"south":{"uv":[5.4375,0.625,7.4375,1.375],"texture":"#0"},"west":{"uv":[5.125,3.125,5,3.875],"texture":"#0"},"down":{"uv":[9.5,0.625,7.5,0.75],"texture":"#0"}}},{"from":[0.5,16.14321,21.79639],"to":[16.5,22.14321,22.79639],"rotation":{"angle":-45,"axis":"x","origin":[8.5,8.625,6.41421]},"faces":{"north":{"uv":[7.4375,0.625,5.4375,1.375],"texture":"#0"},"east":{"uv":[5.125,3.125,5,3.875],"texture":"#0"},"south":{"uv":[7.4375,0.625,5.4375,1.375],"texture":"#0"},"west":{"uv":[5,3.125,5.125,3.875],"texture":"#0"},"down":{"uv":[9.5,0.75,7.5,0.625],"texture":"#0"}}},{"from":[0,29,7.25],"to":[17,30.5,8.75],"rotation":{"angle":0,"axis":"y","origin":[8.5,8.625,6.41421]},"faces":{"north":{"uv":[10.375,2.125,12.5,2.3125],"texture":"#0"},"east":{"uv":[5.1875,3.375,5.375,3.5625],"texture":"#0"},"south":{"uv":[10.375,2.125,12.5,2.3125],"texture":"#0"},"west":{"uv":[5.1875,3.375,5.375,3.5625],"texture":"#0"},"up":{"uv":[12.5,0.1875,10.375,0],"texture":"#0"},"down":{"uv":[5.25,3.5,5.375,3.5625],"texture":"#0"}}},{"from":[-13,26.5,7.25],"to":[29,28,8.75],"rotation":{"angle":0,"axis":"y","origin":[8.5,8.625,6.41421]},"faces":{"north":{"uv":[5.4375,3.375,10.6875,3.5625],"texture":"#0"},"east":{"uv":[5.1875,3.125,5.375,3.3125],"texture":"#0"},"south":{"uv":[10.6875,3.375,5.4375,3.5625],"texture":"#0"},"west":{"uv":[5.1875,3.125,5.375,3.3125],"texture":"#0"},"up":{"uv":[15.625,2.0625,10.375,1.875],"texture":"#0"},"down":{"uv":[5.25,3.25,5.3125,3.3125],"texture":"#0"}}},{"from":[23.97056,21,-2.84924],"to":[27.97056,25,-2.84924],"rotation":{"angle":-45,"axis":"y","origin":[7.5,8.625,9.58579]},"faces":{"north":{"uv":[5.9375,1.4375,5.4375,1.9375],"texture":"#0"},"south":{"uv":[5.4375,1.4375,5.9375,1.9375],"texture":"#0"}}},{"from":[23.97056,21,18.84924],"to":[27.97056,25,18.84924],"rotation":{"angle":45,"axis":"y","origin":[7.5,8.625,6.41421]},"faces":{"north":{"uv":[5.9375,1.4375,5.4375,1.9375],"texture":"#0"},"south":{"uv":[5.4375,1.4375,5.9375,1.9375],"texture":"#0"}}},{"from":[27,26,8],"to":[31,30,8],"rotation":{"angle":0,"axis":"y","origin":[18,31,7.25]},"faces":{"north":{"uv":[5.9375,1.4375,5.4375,1.9375],"texture":"#0"},"south":{"uv":[5.4375,1.4375,5.9375,1.9375],"texture":"#0"}}},{"from":[15,28,8],"to":[19,32,8],"rotation":{"angle":0,"axis":"y","origin":[18,31,7.25]},"faces":{"north":{"uv":[5.9375,1.4375,5.4375,1.9375],"texture":"#0"},"south":{"uv":[5.4375,1.4375,5.9375,1.9375],"texture":"#0"}}},{"from":[-3,28,8],"to":[1,32,8],"rotation":{"angle":0,"axis":"y","origin":[-2,31,7.25]},"faces":{"north":{"uv":[5.4375,1.4375,5.9375,1.9375],"texture":"#0"},"south":{"uv":[5.9375,1.4375,5.4375,1.9375],"texture":"#0"}}},{"from":[-15,26,8],"to":[-11,30,8],"rotation":{"angle":0,"axis":"y","origin":[-2,31,7.25]},"faces":{"north":{"uv":[5.4375,1.4375,5.9375,1.9375],"texture":"#0"},"south":{"uv":[5.9375,1.4375,5.4375,1.9375],"texture":"#0"}}},{"from":[-11.97056,21,18.84924],"to":[-7.97056,25,18.84924],"rotation":{"angle":-45,"axis":"y","origin":[8.5,8.625,6.41421]},"faces":{"north":{"uv":[5.4375,1.4375,5.9375,1.9375],"texture":"#0"},"south":{"uv":[5.9375,1.4375,5.4375,1.9375],"texture":"#0"}}},{"from":[-11.97056,21,-2.84924],"to":[-7.97056,25,-2.84924],"rotation":{"angle":45,"axis":"y","origin":[8.5,8.625,9.58579]},"faces":{"north":{"uv":[5.4375,1.4375,5.9375,1.9375],"texture":"#0"},"south":{"uv":[5.9375,1.4375,5.4375,1.9375],"texture":"#0"}}},{"from":[-4,9,8],"to":[20,16,8],"faces":{"north":{"uv":[0,3.125,3,4],"texture":"#0"},"east":{"uv":[0,0,0,0.875],"texture":"#missing"},"south":{"uv":[0,3.125,3,4],"texture":"#0"},"west":{"uv":[0,0,0,0.875],"texture":"#missing"},"up":{"uv":[0,0,0.875,0],"texture":"#missing"},"down":{"uv":[0,0,0.875,0],"texture":"#missing"}}},{"from":[-11,21,3],"to":[-11,27,13],"rotation":{"angle":0,"axis":"y","origin":[16,0,0]},"faces":{"east":{"uv":[4.3125,3.125,3.0625,3.875],"texture":"#0"},"west":{"uv":[4.3125,3.125,3.0625,3.875],"texture":"#0"}}},{"from":[27,21,3],"to":[27,27,13],"faces":{"east":{"uv":[3.0625,3.125,4.3125,3.875],"texture":"#0"},"west":{"uv":[3.0625,3.125,4.3125,3.875],"texture":"#0"}}}],"display":{"thirdperson_righthand":{"rotation":[45,25,0],"translation":[0,3,1.5],"scale":[0.3,0.3,0.3]},"thirdperson_lefthand":{"rotation":[45,25,0],"translation":[0,3,1.5],"scale":[0.3,0.3,0.3]},"firstperson_righthand":{"rotation":[0,14,0],"translation":[2.25,2.5,0],"scale":[0.5,0.5,0.5]},"firstperson_lefthand":{"rotation":[0,14,0],"translation":[2.25,2.5,0],"scale":[0.5,0.5,0.5]},"ground":{"translation":[0,0.75,0],"scale":[0.3,0.3,0.3]},"gui":{"rotation":[30,135,0],"translation":[0,0.75,0],"scale":[0.3,0.3,0.3]},"head":{"translation":[0,33,0],"scale":[3.2,3.2,3.2]},"fixed":{"rotation":[-90,0,0],"translation":[0,0,-80],"scale":[4,4,4]}}}