{"credit":"Made by Magic-Store","texture_size":[128,128],"textures":{"0":"magicstore:furnitures/lunarfurniture_v2/lunarfurniture_v2_1","particle":"magicstore:furnitures/lunarfurniture_v2/lunarfurniture_v2_1"},"elements":[{"from":[8,27,9],"to":[9,32,9],"rotation":{"angle":0,"axis":"y","origin":[8.5,29.5,9]},"faces":{"north":{"uv":[12.375,1.375,12.5,2],"texture":"#0"},"east":{"uv":[0,0,0,3.5],"texture":"#missing"},"south":{"uv":[12.375,1.375,12.5,2],"texture":"#0"},"west":{"uv":[0,0,0,3.5],"texture":"#missing"},"up":{"uv":[0,0,0.375,0],"texture":"#missing"},"down":{"uv":[0,0,0.375,0],"texture":"#missing"}}},{"from":[2.5,17,8.5],"to":[12.5,27,9.5],"rotation":{"angle":-45,"axis":"z","origin":[8.5,21,9.5]},"faces":{"north":{"uv":[11.25,2.5,12.5,3.75],"texture":"#0"},"east":{"uv":[11.375,2.5,11.25,3.75],"texture":"#0"},"south":{"uv":[12.5,2.5,11.25,3.75],"texture":"#0"},"west":{"uv":[12.5,2.5,11.25,2.625],"rotation":90,"texture":"#0"},"up":{"uv":[12.5,2.625,11.25,2.5],"texture":"#0"},"down":{"uv":[11.25,3.75,11.375,2.5],"rotation":90,"texture":"#0"}}},{"from":[13,11,9],"to":[16,22,9],"rotation":{"angle":0,"axis":"y","origin":[14.5,16.5,9]},"faces":{"north":{"uv":[12.75,2.75,13.125,4.125],"texture":"#0"},"east":{"uv":[0,0,0,1.875],"texture":"#missing"},"south":{"uv":[12.75,2.75,13.125,4.125],"texture":"#0"},"west":{"uv":[0,0,0,1.875],"texture":"#missing"},"up":{"uv":[0,0,0.125,0],"texture":"#missing"},"down":{"uv":[0,0,0.125,0],"texture":"#missing"}}},{"from":[1,11,9],"to":[4,22,9],"rotation":{"angle":0,"axis":"y","origin":[2.5,16.5,9]},"faces":{"north":{"uv":[12.75,2.75,13.125,4.125],"texture":"#0"},"east":{"uv":[0,0,0,1.875],"texture":"#missing"},"south":{"uv":[12.75,2.75,13.125,4.125],"texture":"#0"},"west":{"uv":[0,0,0,1.875],"texture":"#missing"},"up":{"uv":[0,0,0.125,0],"texture":"#missing"},"down":{"uv":[0,0,0.125,0],"texture":"#missing"}}},{"from":[8.5,27,8.5],"to":[8.5,32,9.5],"rotation":{"angle":0,"axis":"y","origin":[8.5,29.5,9]},"faces":{"north":{"uv":[0,0,0,3.5],"texture":"#missing"},"east":{"uv":[12.375,1.375,12.5,2],"texture":"#0"},"south":{"uv":[0,0,0,3.5],"texture":"#missing"},"west":{"uv":[12.375,1.375,12.5,2],"texture":"#0"},"up":{"uv":[0,0,0.375,0],"rotation":270,"texture":"#missing"},"down":{"uv":[0,0,0.375,0],"rotation":90,"texture":"#missing"}}},{"from":[2.5,11,7.5],"to":[2.5,22,10.5],"rotation":{"angle":0,"axis":"y","origin":[2.5,16.5,9]},"faces":{"north":{"uv":[0,0,0,1.875],"texture":"#missing"},"east":{"uv":[12.75,2.75,13.125,4.125],"texture":"#0"},"south":{"uv":[0,0,0,1.875],"texture":"#missing"},"west":{"uv":[12.75,2.75,13.125,4.125],"texture":"#0"},"up":{"uv":[0,0,0.125,0],"rotation":90,"texture":"#missing"},"down":{"uv":[0,0,0.125,0],"rotation":270,"texture":"#missing"}}},{"from":[14.5,11,7.5],"to":[14.5,22,10.5],"rotation":{"angle":0,"axis":"y","origin":[14.5,16.5,9]},"faces":{"north":{"uv":[0,0,0,1.875],"texture":"#missing"},"east":{"uv":[12.75,2.75,13.125,4.125],"texture":"#0"},"south":{"uv":[0,0,0,1.875],"texture":"#missing"},"west":{"uv":[12.75,2.75,13.125,4.125],"texture":"#0"},"up":{"uv":[0,0,0.125,0],"rotation":270,"texture":"#missing"},"down":{"uv":[0,0,0.125,0],"rotation":90,"texture":"#missing"}}},{"from":[7,-1,9],"to":[10,16,9],"rotation":{"angle":0,"axis":"y","origin":[8.5,7.5,9]},"faces":{"north":{"uv":[12.75,4.125,13.125,6.25],"texture":"#0"},"east":{"uv":[0,0,0,1.875],"texture":"#missing"},"south":{"uv":[12.75,4.125,13.125,6.25],"texture":"#0"},"west":{"uv":[0,0,0,1.875],"texture":"#missing"},"up":{"uv":[0,0,0.125,0],"texture":"#missing"},"down":{"uv":[0,0,0.125,0],"texture":"#missing"}}},{"from":[8.5,-1,7.5],"to":[8.5,16,10.5],"rotation":{"angle":0,"axis":"y","origin":[8.5,7.5,9]},"faces":{"north":{"uv":[0,0,0,1.875],"texture":"#missing"},"east":{"uv":[12.75,4.125,13.125,6.25],"texture":"#0"},"south":{"uv":[0,0,0,1.875],"texture":"#missing"},"west":{"uv":[12.75,4.125,13.125,6.25],"texture":"#0"},"up":{"uv":[0,0,0.125,0],"rotation":270,"texture":"#missing"},"down":{"uv":[0,0,0.125,0],"rotation":90,"texture":"#missing"}}}],"display":{"thirdperson_righthand":{"rotation":[45,25,0],"translation":[0,3,1.5],"scale":[0.3,0.3,0.3]},"thirdperson_lefthand":{"rotation":[45,25,0],"translation":[0,3,1.5],"scale":[0.3,0.3,0.3]},"firstperson_righthand":{"rotation":[0,14,0],"translation":[2.25,2.5,0],"scale":[0.5,0.5,0.5]},"firstperson_lefthand":{"rotation":[0,14,0],"translation":[2.25,2.5,0],"scale":[0.5,0.5,0.5]},"ground":{"translation":[0,0.75,0],"scale":[0.3,0.3,0.3]},"gui":{"rotation":[30,135,0],"translation":[0,-3.5,0],"scale":[0.55,0.55,0.55]},"head":{"translation":[0,-30.5,0],"scale":[1.6,1.6,1.6]},"fixed":{"rotation":[-90,0,-180],"translation":[0,0,-48],"scale":[2,2,2]}}}