{"credit":"Made by Magic-Store","texture_size":[128,128],"textures":{"0":"magicstore:furnitures/lunarfurniture_v2/lunarfurniture_v2_1","particle":"magicstore:furnitures/lunarfurniture_v2/lunarfurniture_v2_1"},"elements":[{"from":[3.5,6,3.5],"to":[12.5,19,12.5],"rotation":{"angle":0,"axis":"y","origin":[8,17.5,7.5]},"faces":{"north":{"uv":[7.625,6.25,8.75,7.875],"texture":"#0"},"east":{"uv":[7.625,6.25,8.75,7.875],"texture":"#0"},"south":{"uv":[7.625,6.25,8.75,7.875],"texture":"#0"},"west":{"uv":[7.625,6.25,8.75,7.875],"texture":"#0"},"up":{"uv":[7.625,8,8.75,9.125],"texture":"#0"},"down":{"uv":[7.625,9.25,8.75,10.375],"texture":"#0"}}},{"from":[3.5,6,12.5],"to":[12.5,19,3.5],"rotation":{"angle":0,"axis":"y","origin":[8,17.5,7.5]},"faces":{"north":{"uv":[7.625,6.25,8.75,7.875],"texture":"#0"},"east":{"uv":[7.625,6.25,8.75,7.875],"texture":"#0"},"south":{"uv":[7.625,6.25,8.75,7.875],"texture":"#0"},"west":{"uv":[7.625,6.25,8.75,7.875],"texture":"#0"},"up":{"uv":[7.625,8,8.75,9.125],"texture":"#0"},"down":{"uv":[7.625,9.25,8.75,10.375],"texture":"#0"}}},{"from":[11,4,5],"to":[13,6,11],"rotation":{"angle":0,"axis":"y","origin":[8,3.5,8]},"faces":{"north":{"uv":[3.75,6.625,4,6.75],"rotation":90,"texture":"#0"},"east":{"uv":[3.75,6.625,4,7.375],"rotation":90,"texture":"#0"},"south":{"uv":[3.75,6.625,4,6.75],"rotation":90,"texture":"#0"},"west":{"uv":[3.75,6.625,4,7.375],"rotation":90,"texture":"#0"},"up":{"uv":[3.75,6.625,3.875,7.375],"texture":"#0"},"down":{"uv":[3.875,6.625,4,7.375],"rotation":180,"texture":"#0"}}},{"from":[11,19,5],"to":[13,21,11],"rotation":{"angle":0,"axis":"y","origin":[8,3.5,8]},"faces":{"north":{"uv":[4.25,7.125,4.125,7.375],"texture":"#0"},"east":{"uv":[4.875,7.125,4.125,7.375],"texture":"#0"},"south":{"uv":[4.25,7.125,4.125,7.375],"texture":"#0"},"west":{"uv":[4.875,7.125,4.125,7.375],"texture":"#0"},"up":{"uv":[4.875,7.125,4.125,7.25],"rotation":270,"texture":"#0"},"down":{"uv":[4.875,7.25,4.125,7.375],"rotation":90,"texture":"#0"}}},{"from":[3,19,5],"to":[5,21,11],"rotation":{"angle":0,"axis":"y","origin":[8,3.5,8]},"faces":{"north":{"uv":[4.25,7.125,4.125,7.375],"texture":"#0"},"east":{"uv":[4.875,7.125,4.125,7.375],"texture":"#0"},"south":{"uv":[4.25,7.125,4.125,7.375],"texture":"#0"},"west":{"uv":[4.875,7.125,4.125,7.375],"texture":"#0"},"up":{"uv":[4.875,7.125,4.125,7.25],"rotation":90,"texture":"#0"},"down":{"uv":[4.875,7.25,4.125,7.375],"rotation":270,"texture":"#0"}}},{"from":[5,19,11],"to":[11,21,13],"rotation":{"angle":0,"axis":"y","origin":[8,3.5,8]},"faces":{"north":{"uv":[4.875,7.125,4.125,7.375],"texture":"#0"},"east":{"uv":[4.25,7.125,4.125,7.375],"texture":"#0"},"south":{"uv":[4.875,7.125,4.125,7.375],"texture":"#0"},"west":{"uv":[4.25,7.125,4.125,7.375],"texture":"#0"},"up":{"uv":[4.875,7.125,4.125,7.25],"texture":"#0"},"down":{"uv":[4.875,7.25,4.125,7.375],"texture":"#0"}}},{"from":[5,19,3],"to":[11,21,5],"rotation":{"angle":0,"axis":"y","origin":[8,3.5,4]},"faces":{"north":{"uv":[4.875,7.125,4.125,7.375],"texture":"#0"},"east":{"uv":[4.25,7.125,4.125,7.375],"texture":"#0"},"south":{"uv":[4.875,7.125,4.125,7.375],"texture":"#0"},"west":{"uv":[4.25,7.125,4.125,7.375],"texture":"#0"},"up":{"uv":[4.875,7.125,4.125,7.25],"texture":"#0"},"down":{"uv":[4.875,7.25,4.125,7.375],"texture":"#0"}}},{"from":[3,18,11],"to":[5,22,13],"rotation":{"angle":0,"axis":"y","origin":[16,0,16]},"faces":{"north":{"uv":[0.75,7.5,1,8],"texture":"#0"},"east":{"uv":[1,7.5,0.75,8],"texture":"#0"},"south":{"uv":[0.75,7.5,1,8],"texture":"#0"},"west":{"uv":[1,7.5,0.75,8],"texture":"#0"},"up":{"uv":[0.75,8,1,7.75],"texture":"#0"},"down":{"uv":[1.5,7,1.25,6.75],"texture":"#0"}}},{"from":[11,18,11],"to":[13,22,13],"rotation":{"angle":0,"axis":"y","origin":[0,0,16]},"faces":{"north":{"uv":[1,7.5,0.75,8],"texture":"#0"},"east":{"uv":[0.75,7.5,1,8],"texture":"#0"},"south":{"uv":[1,7.5,0.75,8],"texture":"#0"},"west":{"uv":[0.75,7.5,1,8],"texture":"#0"},"up":{"uv":[1,8,0.75,7.75],"texture":"#0"},"down":{"uv":[1.25,7,1.5,6.75],"texture":"#0"}}},{"from":[11,18,3],"to":[13,22,5],"faces":{"north":{"uv":[0.75,7.5,1,8],"texture":"#0"},"east":{"uv":[1,7.5,0.75,8],"texture":"#0"},"south":{"uv":[0.75,7.5,1,8],"texture":"#0"},"west":{"uv":[1,7.5,0.75,8],"texture":"#0"},"up":{"uv":[1,7.75,0.75,8],"texture":"#0"},"down":{"uv":[1.25,6.75,1.5,7],"texture":"#0"}}},{"from":[3,18,3],"to":[5,22,5],"rotation":{"angle":0,"axis":"y","origin":[16,0,0]},"faces":{"north":{"uv":[1,7.5,0.75,8],"texture":"#0"},"east":{"uv":[0.75,7.5,1,8],"texture":"#0"},"south":{"uv":[1,7.5,0.75,8],"texture":"#0"},"west":{"uv":[0.75,7.5,1,8],"texture":"#0"},"up":{"uv":[0.75,7.75,1,8],"texture":"#0"},"down":{"uv":[1.5,6.75,1.25,7],"texture":"#0"}}},{"from":[11,1,5],"to":[13,3,11],"rotation":{"angle":0,"axis":"y","origin":[8,3.5,8]},"faces":{"north":{"uv":[4.25,7.125,4.125,7.375],"texture":"#0"},"east":{"uv":[4.875,7.125,4.125,7.375],"texture":"#0"},"south":{"uv":[4.25,7.125,4.125,7.375],"texture":"#0"},"west":{"uv":[4.875,7.125,4.125,7.375],"texture":"#0"},"up":{"uv":[4.875,7.125,4.125,7.25],"rotation":270,"texture":"#0"},"down":{"uv":[4.875,7.25,4.125,7.375],"rotation":90,"texture":"#0"}}},{"from":[3,4,5],"to":[5,6,11],"rotation":{"angle":0,"axis":"y","origin":[8,3.5,8]},"faces":{"north":{"uv":[3.75,6.625,4,6.75],"rotation":90,"texture":"#0"},"east":{"uv":[3.75,6.625,4,7.375],"rotation":90,"texture":"#0"},"south":{"uv":[3.75,6.625,4,6.75],"rotation":90,"texture":"#0"},"west":{"uv":[3.75,6.625,4,7.375],"rotation":90,"texture":"#0"},"up":{"uv":[3.75,6.625,3.875,7.375],"rotation":180,"texture":"#0"},"down":{"uv":[3.875,6.625,4,7.375],"texture":"#0"}}},{"from":[3,1,5],"to":[5,3,11],"rotation":{"angle":0,"axis":"y","origin":[8,3.5,8]},"faces":{"north":{"uv":[4.25,7.125,4.125,7.375],"texture":"#0"},"east":{"uv":[4.875,7.125,4.125,7.375],"texture":"#0"},"south":{"uv":[4.25,7.125,4.125,7.375],"texture":"#0"},"west":{"uv":[4.875,7.125,4.125,7.375],"texture":"#0"},"up":{"uv":[4.875,7.125,4.125,7.25],"rotation":90,"texture":"#0"},"down":{"uv":[4.875,7.25,4.125,7.375],"rotation":270,"texture":"#0"}}},{"from":[5,4,11],"to":[11,6,13],"rotation":{"angle":0,"axis":"y","origin":[8,3.5,8]},"faces":{"north":{"uv":[3.75,6.625,4,7.375],"rotation":90,"texture":"#0"},"east":{"uv":[3.75,6.625,4,6.75],"rotation":90,"texture":"#0"},"south":{"uv":[3.75,6.625,4,7.375],"rotation":90,"texture":"#0"},"west":{"uv":[3.75,6.625,4,6.75],"rotation":90,"texture":"#0"},"up":{"uv":[3.75,6.625,3.875,7.375],"rotation":90,"texture":"#0"},"down":{"uv":[3.875,6.625,4,7.375],"rotation":90,"texture":"#0"}}},{"from":[5,1,11],"to":[11,3,13],"rotation":{"angle":0,"axis":"y","origin":[8,3.5,8]},"faces":{"north":{"uv":[4.875,7.125,4.125,7.375],"texture":"#0"},"east":{"uv":[4.25,7.125,4.125,7.375],"texture":"#0"},"south":{"uv":[4.875,7.125,4.125,7.375],"texture":"#0"},"west":{"uv":[4.25,7.125,4.125,7.375],"texture":"#0"},"up":{"uv":[4.875,7.125,4.125,7.25],"texture":"#0"},"down":{"uv":[4.875,7.25,4.125,7.375],"texture":"#0"}}},{"from":[5,1,3],"to":[11,3,5],"rotation":{"angle":0,"axis":"y","origin":[8,3.5,4]},"faces":{"north":{"uv":[4.875,7.125,4.125,7.375],"texture":"#0"},"east":{"uv":[4.25,7.125,4.125,7.375],"texture":"#0"},"south":{"uv":[4.875,7.125,4.125,7.375],"texture":"#0"},"west":{"uv":[4.25,7.125,4.125,7.375],"texture":"#0"},"up":{"uv":[4.875,7.125,4.125,7.25],"texture":"#0"},"down":{"uv":[4.875,7.25,4.125,7.375],"texture":"#0"}}},{"from":[5,4,3],"to":[11,6,5],"rotation":{"angle":0,"axis":"y","origin":[8,3.5,4]},"faces":{"north":{"uv":[3.75,6.625,4,7.375],"rotation":90,"texture":"#0"},"east":{"uv":[3.75,6.625,4,6.75],"rotation":90,"texture":"#0"},"south":{"uv":[3.75,6.625,4,7.375],"rotation":90,"texture":"#0"},"west":{"uv":[3.75,6.625,4,6.75],"rotation":90,"texture":"#0"},"up":{"uv":[3.75,6.625,3.875,7.375],"rotation":90,"texture":"#0"},"down":{"uv":[3.875,6.625,4,7.375],"rotation":90,"texture":"#0"}}},{"from":[3,0,11],"to":[5,6,13],"rotation":{"angle":0,"axis":"y","origin":[16,0,16]},"faces":{"north":{"uv":[0.75,7.75,1,8.5],"texture":"#0"},"east":{"uv":[1,7.75,0.75,8.5],"texture":"#0"},"south":{"uv":[0.75,7.75,1,8.5],"texture":"#0"},"west":{"uv":[1,7.75,0.75,8.5],"texture":"#0"},"up":{"uv":[0.75,8,1,7.75],"texture":"#0"},"down":{"uv":[1.5,7,1.25,6.75],"texture":"#0"}}},{"from":[11,0,11],"to":[13,6,13],"rotation":{"angle":0,"axis":"y","origin":[0,0,16]},"faces":{"north":{"uv":[1,7.75,0.75,8.5],"texture":"#0"},"east":{"uv":[0.75,7.75,1,8.5],"texture":"#0"},"south":{"uv":[1,7.75,0.75,8.5],"texture":"#0"},"west":{"uv":[0.75,7.75,1,8.5],"texture":"#0"},"up":{"uv":[1,8,0.75,7.75],"texture":"#0"},"down":{"uv":[1.25,7,1.5,6.75],"texture":"#0"}}},{"from":[3,0,3],"to":[5,6,5],"rotation":{"angle":0,"axis":"y","origin":[16,0,0]},"faces":{"north":{"uv":[1,7.75,0.75,8.5],"texture":"#0"},"east":{"uv":[0.75,7.75,1,8.5],"texture":"#0"},"south":{"uv":[1,7.75,0.75,8.5],"texture":"#0"},"west":{"uv":[0.75,7.75,1,8.5],"texture":"#0"},"up":{"uv":[0.75,7.75,1,8],"texture":"#0"},"down":{"uv":[1.5,6.75,1.25,7],"texture":"#0"}}},{"from":[11,0,3],"to":[13,6,5],"faces":{"north":{"uv":[0.75,7.75,1,8.5],"texture":"#0"},"east":{"uv":[1,7.75,0.75,8.5],"texture":"#0"},"south":{"uv":[0.75,7.75,1,8.5],"texture":"#0"},"west":{"uv":[1,7.75,0.75,8.5],"texture":"#0"},"up":{"uv":[1,7.75,0.75,8],"texture":"#0"},"down":{"uv":[1.25,6.75,1.5,7],"texture":"#0"}}}],"display":{"thirdperson_righthand":{"rotation":[45,25,0],"translation":[0,3,1.5],"scale":[0.3,0.3,0.3]},"thirdperson_lefthand":{"rotation":[45,25,0],"translation":[0,3,1.5],"scale":[0.3,0.3,0.3]},"firstperson_righthand":{"rotation":[0,14,0],"translation":[2.25,2.5,0],"scale":[0.5,0.5,0.5]},"firstperson_lefthand":{"rotation":[0,14,0],"translation":[2.25,2.5,0],"scale":[0.5,0.5,0.5]},"ground":{"translation":[0,0.75,0],"scale":[0.3,0.3,0.3]},"gui":{"rotation":[30,135,0],"translation":[0.25,-1.25,0],"scale":[0.55,0.55,0.55]},"head":{"translation":[0,-30.5,0],"scale":[1.6,1.6,1.6]},"fixed":{"rotation":[-90,0,0],"translation":[0,0,-16],"scale":[2,2,2]}}}