{"credit":"Made by Magic-Store","texture_size":[128,128],"textures":{"0":"magicstore:furnitures/lunarfurniture_v2/lunarfurniture_v2_28","particle":"magicstore:furnitures/lunarfurniture_v2/lunarfurniture_v2_28"},"elements":[{"from":[3,0,11],"to":[5,8,13],"rotation":{"angle":0,"axis":"y","origin":[8,1,8]},"faces":{"north":{"uv":[5.75,2,6,3],"texture":"#0"},"east":{"uv":[6,2,5.75,3],"texture":"#0"},"south":{"uv":[5.75,2,6,3],"texture":"#0"},"west":{"uv":[6,2,5.75,3],"texture":"#0"},"down":{"uv":[5.75,2.75,6,3],"texture":"#0"}}},{"from":[11,0,11],"to":[13,8,13],"rotation":{"angle":0,"axis":"y","origin":[8,1,8]},"faces":{"north":{"uv":[6,2,5.75,3],"texture":"#0"},"east":{"uv":[5.75,2,6,3],"texture":"#0"},"south":{"uv":[6,2,5.75,3],"texture":"#0"},"west":{"uv":[5.75,2,6,3],"texture":"#0"},"down":{"uv":[6,2.75,5.75,3],"texture":"#0"}}},{"from":[3,0,3],"to":[5,8,5],"rotation":{"angle":0,"axis":"y","origin":[8,1,8]},"faces":{"north":{"uv":[6,2,5.75,3],"texture":"#0"},"east":{"uv":[5.75,2,6,3],"texture":"#0"},"south":{"uv":[6,2,5.75,3],"texture":"#0"},"west":{"uv":[5.75,2,6,3],"texture":"#0"},"down":{"uv":[5.75,3,6,2.75],"texture":"#0"}}},{"from":[11,0,3],"to":[13,8,5],"rotation":{"angle":0,"axis":"y","origin":[8,1,8]},"faces":{"north":{"uv":[5.75,2,6,3],"texture":"#0"},"east":{"uv":[6,2,5.75,3],"texture":"#0"},"south":{"uv":[5.75,2,6,3],"texture":"#0"},"west":{"uv":[6,2,5.75,3],"texture":"#0"},"down":{"uv":[6,3,5.75,2.75],"texture":"#0"}}},{"from":[3,8,3],"to":[13,10,13],"rotation":{"angle":0,"axis":"y","origin":[8,1,8]},"faces":{"north":{"uv":[6.125,2,7.375,2.25],"texture":"#0"},"east":{"uv":[6.125,2,7.375,2.25],"texture":"#0"},"south":{"uv":[6.125,2,7.375,2.25],"texture":"#0"},"west":{"uv":[6.125,2,7.375,2.25],"texture":"#0"},"up":{"uv":[7.375,0.375,8.625,1.625],"texture":"#0"},"down":{"uv":[7.375,0.375,8.625,1.625],"texture":"#0"}}}],"display":{"thirdperson_righthand":{"rotation":[45,25,0],"translation":[0,3,1.5],"scale":[0.3,0.3,0.3]},"thirdperson_lefthand":{"rotation":[45,25,0],"translation":[0,3,1.5],"scale":[0.3,0.3,0.3]},"firstperson_righthand":{"rotation":[0,14,0],"translation":[2.25,2.5,0],"scale":[0.5,0.5,0.5]},"firstperson_lefthand":{"rotation":[0,14,0],"translation":[2.25,2.5,0],"scale":[0.5,0.5,0.5]},"ground":{"translation":[0,0.75,0],"scale":[0.3,0.3,0.3]},"gui":{"rotation":[30,135,0],"translation":[0.25,-1,0],"scale":[0.55,0.55,0.55]},"head":{"translation":[0,-30.5,0],"scale":[1.6,1.6,1.6]},"fixed":{"rotation":[-90,0,0],"translation":[0,0,-16],"scale":[2,2,2]}}}