{"credit":"Made by Magic-Store","texture_size":[128,128],"textures":{"0":"magicstore:furnitures/lunarfurniture_v2/lunarfurniture_v2_1","particle":"magicstore:furnitures/lunarfurniture_v2/lunarfurniture_v2_1"},"elements":[{"from":[0,11,0],"to":[16,24,16],"rotation":{"angle":0,"axis":"y","origin":[0,11,0]},"faces":{"north":{"uv":[14,0,16,1.625],"texture":"#0"},"east":{"uv":[14,0,16,1.625],"texture":"#0"},"south":{"uv":[14,0,16,1.625],"texture":"#0"},"west":{"uv":[14,0,16,1.625],"texture":"#0"},"up":{"uv":[14,1.75,16,3.75],"texture":"#0"},"down":{"uv":[14,3.875,16,5.875],"texture":"#0"}}},{"from":[16,11,0],"to":[0,24,16],"rotation":{"angle":0,"axis":"y","origin":[0,11,0]},"faces":{"north":{"uv":[14,0,16,1.625],"texture":"#0"},"east":{"uv":[14,0,16,1.625],"texture":"#0"},"south":{"uv":[14,0,16,1.625],"texture":"#0"},"west":{"uv":[14,0,16,1.625],"texture":"#0"},"up":{"uv":[14,1.75,16,3.75],"texture":"#0"},"down":{"uv":[14,3.875,16,5.875],"texture":"#0"}}},{"from":[3,24,3],"to":[13,26,13],"rotation":{"angle":0,"axis":"y","origin":[0,11,0]},"faces":{"north":{"uv":[13.625,0,13.875,1.25],"rotation":90,"texture":"#0"},"east":{"uv":[13.625,0,13.875,1.25],"rotation":90,"texture":"#0"},"south":{"uv":[13.625,0,13.875,1.25],"rotation":90,"texture":"#0"},"west":{"uv":[13.625,0,13.875,1.25],"rotation":90,"texture":"#0"},"up":{"uv":[12.625,1.375,13.875,2.625],"rotation":90,"texture":"#0"}}},{"from":[3,24,13],"to":[13,26,3],"rotation":{"angle":0,"axis":"y","origin":[0,11,0]},"faces":{"north":{"uv":[13.625,0,13.875,1.25],"rotation":90,"texture":"#0"},"east":{"uv":[13.625,0,13.875,1.25],"rotation":90,"texture":"#0"},"south":{"uv":[13.625,0,13.875,1.25],"rotation":90,"texture":"#0"},"west":{"uv":[13.625,0,13.875,1.25],"rotation":90,"texture":"#0"},"up":{"uv":[12.625,1.375,13.875,2.625],"rotation":90,"texture":"#0"}}},{"from":[3,9,3],"to":[13,11,13],"rotation":{"angle":0,"axis":"y","origin":[0,27,0]},"faces":{"north":{"uv":[13.875,0,13.625,1.25],"rotation":90,"texture":"#0"},"east":{"uv":[13.875,0,13.625,1.25],"rotation":90,"texture":"#0"},"south":{"uv":[13.875,0,13.625,1.25],"rotation":90,"texture":"#0"},"west":{"uv":[13.875,0,13.625,1.25],"rotation":90,"texture":"#0"},"down":{"uv":[13.875,1.375,12.625,2.625],"rotation":90,"texture":"#0"}}},{"from":[13,9,3],"to":[3,11,13],"rotation":{"angle":0,"axis":"y","origin":[0,27,0]},"faces":{"north":{"uv":[13.875,0,13.625,1.25],"rotation":90,"texture":"#0"},"east":{"uv":[13.875,0,13.625,1.25],"rotation":90,"texture":"#0"},"south":{"uv":[13.875,0,13.625,1.25],"rotation":90,"texture":"#0"},"west":{"uv":[13.875,0,13.625,1.25],"rotation":90,"texture":"#0"},"down":{"uv":[13.875,1.375,12.625,2.625],"rotation":90,"texture":"#0"}}},{"from":[5,-8,5],"to":[11,-2,5],"rotation":{"angle":0,"axis":"y","origin":[8,-5,8]},"faces":{"north":{"uv":[11.5,1.25,12.25,2],"texture":"#0"},"east":{"uv":[0,0,0,0.75],"texture":"#missing"},"south":{"uv":[11.5,1.25,12.25,2],"texture":"#0"},"west":{"uv":[0,0,0,0.75],"texture":"#missing"},"up":{"uv":[0,0,1.25,0],"texture":"#missing"},"down":{"uv":[0,0,1.25,0],"texture":"#missing"}}},{"from":[11,-8,5],"to":[11,-2,11],"rotation":{"angle":0,"axis":"y","origin":[8,-5,8]},"faces":{"north":{"uv":[0,0,0,0.75],"texture":"#missing"},"east":{"uv":[11.5,1.25,12.25,2],"texture":"#0"},"south":{"uv":[0,0,0,0.75],"texture":"#missing"},"west":{"uv":[11.5,1.25,12.25,2],"texture":"#0"},"up":{"uv":[0,0,1.25,0],"rotation":90,"texture":"#missing"},"down":{"uv":[0,0,1.25,0],"rotation":270,"texture":"#missing"}}},{"from":[5,-8,11],"to":[11,-2,11],"rotation":{"angle":0,"axis":"y","origin":[8,-5,8]},"faces":{"north":{"uv":[11.5,1.25,12.25,2],"texture":"#0"},"east":{"uv":[0,0,0,0.75],"texture":"#missing"},"south":{"uv":[11.5,1.25,12.25,2],"texture":"#0"},"west":{"uv":[0,0,0,0.75],"texture":"#missing"},"up":{"uv":[0,0,1.25,0],"rotation":180,"texture":"#missing"},"down":{"uv":[0,0,1.25,0],"rotation":180,"texture":"#missing"}}},{"from":[5,-8,5],"to":[5,-2,11],"rotation":{"angle":0,"axis":"y","origin":[8,-5,8]},"faces":{"north":{"uv":[0,0,0,0.75],"texture":"#missing"},"east":{"uv":[11.5,1.25,12.25,2],"texture":"#0"},"south":{"uv":[0,0,0,0.75],"texture":"#missing"},"west":{"uv":[11.5,1.25,12.25,2],"texture":"#0"},"up":{"uv":[0,0,1.25,0],"rotation":270,"texture":"#missing"},"down":{"uv":[0,0,1.25,0],"rotation":90,"texture":"#missing"}}},{"from":[7.5,26,8],"to":[8.5,32,8],"rotation":{"angle":0,"axis":"y","origin":[8,29,8]},"faces":{"north":{"uv":[12.375,1.375,12.5,2.125],"texture":"#0"},"east":{"uv":[0,0,0,0.75],"texture":"#missing"},"south":{"uv":[12.375,1.375,12.5,2.125],"texture":"#0"},"west":{"uv":[0,0,0,0.75],"texture":"#missing"},"up":{"uv":[0,0,0,0.125],"rotation":270,"texture":"#missing"},"down":{"uv":[0,0,0,0.125],"rotation":90,"texture":"#missing"}}},{"from":[8,26,7.5],"to":[8,32,8.5],"rotation":{"angle":0,"axis":"y","origin":[0,11,0]},"faces":{"north":{"uv":[0,0,0,0.75],"texture":"#missing"},"east":{"uv":[12.375,1.375,12.5,2.125],"texture":"#0"},"south":{"uv":[0,0,0,0.75],"texture":"#missing"},"west":{"uv":[12.375,1.375,12.5,2.125],"texture":"#0"},"up":{"uv":[0,0,0,0.125],"texture":"#missing"},"down":{"uv":[0,0,0,0.125],"texture":"#missing"}}},{"from":[8,3,7.5],"to":[8,9,8.5],"rotation":{"angle":0,"axis":"y","origin":[0,11,0]},"faces":{"north":{"uv":[0,0,0,0.75],"texture":"#missing"},"east":{"uv":[12.375,1.375,12.5,2.125],"texture":"#0"},"south":{"uv":[0,0,0,0.75],"texture":"#missing"},"west":{"uv":[12.375,1.375,12.5,2.125],"texture":"#0"},"up":{"uv":[0,0,0,0.125],"texture":"#missing"},"down":{"uv":[0,0,0,0.125],"texture":"#missing"}}},{"from":[7.5,3,8],"to":[8.5,9,8],"rotation":{"angle":0,"axis":"y","origin":[8,29,8]},"faces":{"north":{"uv":[12.375,1.375,12.5,2.125],"texture":"#0"},"east":{"uv":[0,0,0,0.75],"texture":"#missing"},"south":{"uv":[12.375,1.375,12.5,2.125],"texture":"#0"},"west":{"uv":[0,0,0,0.75],"texture":"#missing"},"up":{"uv":[0,0,0,0.125],"rotation":270,"texture":"#missing"},"down":{"uv":[0,0,0,0.125],"rotation":90,"texture":"#missing"}}},{"from":[2,0,2],"to":[14,8,14],"rotation":{"angle":0,"axis":"y","origin":[0,8,0]},"faces":{"north":{"uv":[14.5,6,16,7],"texture":"#0"},"east":{"uv":[14.5,6,16,7],"texture":"#0"},"south":{"uv":[14.5,6,16,7],"texture":"#0"},"west":{"uv":[14.5,6,16,7],"texture":"#0"},"up":{"uv":[14.5,7.125,16,8.625],"texture":"#0"},"down":{"uv":[14.5,8.75,16,10.25],"texture":"#0"}}},{"from":[2,0,14],"to":[14,8,2],"rotation":{"angle":0,"axis":"y","origin":[0,8,0]},"faces":{"north":{"uv":[14.5,6,16,7],"texture":"#0"},"east":{"uv":[14.5,6,16,7],"texture":"#0"},"south":{"uv":[14.5,6,16,7],"texture":"#0"},"west":{"uv":[14.5,6,16,7],"texture":"#0"},"up":{"uv":[14.5,7.125,16,8.625],"texture":"#0"},"down":{"uv":[14.5,8.75,16,10.25],"texture":"#0"}}},{"from":[4,-2,4],"to":[12,0,12],"faces":{"north":{"uv":[15,10.375,16,10.625],"texture":"#0"},"east":{"uv":[15,10.375,16,10.625],"texture":"#0"},"south":{"uv":[15,10.375,16,10.625],"texture":"#0"},"west":{"uv":[15,10.375,16,10.625],"texture":"#0"},"down":{"uv":[15,10.75,16,11.75],"texture":"#0"}}},{"from":[4,-2,12],"to":[12,0,4],"faces":{"north":{"uv":[15,10.375,16,10.625],"texture":"#0"},"east":{"uv":[15,10.375,16,10.625],"texture":"#0"},"south":{"uv":[15,10.375,16,10.625],"texture":"#0"},"west":{"uv":[15,10.375,16,10.625],"texture":"#0"},"down":{"uv":[15,10.75,16,11.75],"texture":"#0"}}},{"from":[8,-16,6.5],"to":[8,-2,9.5],"rotation":{"angle":0,"axis":"y","origin":[8,-9,8]},"faces":{"north":{"uv":[0,0,0,1.75],"texture":"#missing"},"east":{"uv":[14,6,14.375,7.75],"texture":"#0"},"south":{"uv":[0,0,0,1.75],"texture":"#missing"},"west":{"uv":[14,6,14.375,7.75],"texture":"#0"},"up":{"uv":[0,0,0,0.375],"texture":"#missing"},"down":{"uv":[0,0,0,0.375],"texture":"#missing"}}},{"from":[6.5,-16,8],"to":[9.5,-2,8],"rotation":{"angle":0,"axis":"y","origin":[8,-9,8]},"faces":{"north":{"uv":[14,6,14.375,7.75],"texture":"#0"},"east":{"uv":[0,0,0,1.75],"texture":"#missing"},"south":{"uv":[14,6,14.375,7.75],"texture":"#0"},"west":{"uv":[0,0,0,1.75],"texture":"#missing"},"up":{"uv":[0,0,0,0.375],"rotation":270,"texture":"#missing"},"down":{"uv":[0,0,0,0.375],"rotation":90,"texture":"#missing"}}}],"display":{"thirdperson_righthand":{"rotation":[45,25,0],"translation":[0,3,1.5],"scale":[0.3,0.3,0.3]},"thirdperson_lefthand":{"rotation":[45,25,0],"translation":[0,3,1.5],"scale":[0.3,0.3,0.3]},"firstperson_righthand":{"rotation":[0,14,0],"translation":[2.25,2.5,0],"scale":[0.5,0.5,0.5]},"firstperson_lefthand":{"rotation":[0,14,0],"translation":[2.25,2.5,0],"scale":[0.5,0.5,0.5]},"ground":{"translation":[0,0.75,0],"scale":[0.3,0.3,0.3]},"gui":{"rotation":[30,135,0],"translation":[0.5,0.25,0],"scale":[0.35,0.35,0.35]},"head":{"translation":[0,-30.5,0],"scale":[1.6,1.6,1.6]},"fixed":{"rotation":[-90,0,180],"translation":[0,0,-48],"scale":[2,2,2]}}}