{"credit":"Made by Magic-Store","texture_size":[128,128],"textures":{"0":"magicstore:furnitures/lunarfurniture_v2/lunarfurniture_v2_28","particle":"magicstore:furnitures/lunarfurniture_v2/lunarfurniture_v2_28"},"elements":[{"from":[3,-16,3],"to":[13,-8,13],"faces":{"north":{"uv":[4.625,3.375,5.875,4.375],"texture":"#0"},"east":{"uv":[4.625,3.375,5.875,4.375],"texture":"#0"},"south":{"uv":[4.625,3.375,5.875,4.375],"texture":"#0"},"west":{"uv":[4.625,3.375,5.875,4.375],"texture":"#0"},"up":{"uv":[6.125,2.375,7.375,3.625],"texture":"#0"},"down":{"uv":[8.75,0,10,1.25],"texture":"#0"}}},{"from":[7,-8,7],"to":[9,10,9],"faces":{"north":{"uv":[5.375,4.5,5.125,6.75],"texture":"#0"},"east":{"uv":[5.125,4.5,5.375,6.75],"texture":"#0"},"south":{"uv":[5.375,4.5,5.125,6.75],"texture":"#0"},"west":{"uv":[5.125,4.5,5.375,6.75],"texture":"#0"},"up":{"uv":[5.125,5.375,5.375,5.125],"texture":"#0"},"down":{"uv":[5.375,6.5,5.125,6.75],"texture":"#0"}}},{"from":[7.35,4,7],"to":[9.35,14,9],"rotation":{"angle":-22.5,"axis":"x","origin":[8,4,8]},"faces":{"north":{"uv":[5.375,4.625,5.125,5.875],"texture":"#0"},"east":{"uv":[5.125,4.625,5.375,5.875],"texture":"#0"},"south":{"uv":[5.375,4.625,5.125,5.875],"texture":"#0"},"west":{"uv":[5.125,4.625,5.375,5.875],"texture":"#0"},"up":{"uv":[5.125,5.375,5.375,5.125],"texture":"#0"},"down":{"uv":[5.375,6.5,5.125,6.75],"texture":"#0"}}},{"from":[1.5,12.89822,3.79148],"to":[12.5,31.89822,3.79148],"rotation":{"angle":-22.5,"axis":"x","origin":[7.675,13.84458,6.80245]},"faces":{"north":{"uv":[7.375,3.75,6,6.125],"texture":"#0"},"east":{"uv":[5.375,5.125,5.125,6.375],"texture":"#0"},"south":{"uv":[6,3.75,7.375,6.125],"texture":"#0"},"west":{"uv":[5.375,5.125,5.125,6.375],"texture":"#0"},"up":{"uv":[5.125,5.375,5.375,5.125],"rotation":270,"texture":"#0"},"down":{"uv":[5.375,6.5,5.125,6.75],"rotation":90,"texture":"#0"}}},{"from":[8.35,12.89822,-2.35852],"to":[8.35,31.89822,8.64148],"rotation":{"angle":-22.5,"axis":"x","origin":[7.675,13.84458,6.80245]},"faces":{"north":{"uv":[5.375,5.125,5.125,6.375],"texture":"#0"},"east":{"uv":[7.375,3.75,6,6.125],"texture":"#0"},"south":{"uv":[5.375,5.125,5.125,6.375],"texture":"#0"},"west":{"uv":[6,3.75,7.375,6.125],"texture":"#0"},"up":{"uv":[5.125,5.375,5.375,5.125],"texture":"#0"},"down":{"uv":[5.375,6.5,5.125,6.75],"texture":"#0"}}},{"from":[8.1,-1.29234,-8.3238],"to":[8.1,9.70766,10.6762],"rotation":{"angle":22.5,"axis":"x","origin":[7.675,13.84458,6.80245]},"faces":{"north":{"uv":[5.125,5.375,5.375,5.125],"rotation":180,"texture":"#0"},"east":{"uv":[7.375,3.75,6,6.125],"rotation":90,"texture":"#0"},"south":{"uv":[5.375,6.5,5.125,6.75],"texture":"#0"},"west":{"uv":[6,3.75,7.375,6.125],"rotation":270,"texture":"#0"},"up":{"uv":[5.375,5.125,5.125,6.375],"texture":"#0"},"down":{"uv":[5.375,5.125,5.125,6.375],"rotation":180,"texture":"#0"}}},{"from":[8,-5.29234,8.92869],"to":[8,5.70766,27.92869],"rotation":{"angle":-22.5,"axis":"x","origin":[7.675,13.84458,6.80245]},"faces":{"north":{"uv":[5.375,6.5,5.125,6.75],"texture":"#0"},"east":{"uv":[6,3.75,7.375,6.125],"rotation":270,"texture":"#0"},"south":{"uv":[5.125,5.375,5.375,5.125],"rotation":180,"texture":"#0"},"west":{"uv":[7.375,3.75,6,6.125],"rotation":90,"texture":"#0"},"up":{"uv":[5.375,5.125,5.125,6.375],"rotation":180,"texture":"#0"},"down":{"uv":[5.375,5.125,5.125,6.375],"texture":"#0"}}},{"from":[3,-0.29234,1.92869],"to":[3,10.70766,20.92869],"rotation":{"angle":-45,"axis":"x","origin":[7.675,13.84458,6.80245]},"faces":{"north":{"uv":[5.375,6.5,5.125,6.75],"texture":"#0"},"east":{"uv":[6,3.75,7.375,6.125],"rotation":270,"texture":"#0"},"south":{"uv":[5.125,5.375,5.375,5.125],"rotation":180,"texture":"#0"},"west":{"uv":[7.375,3.75,6,6.125],"rotation":90,"texture":"#0"},"up":{"uv":[5.375,5.125,5.125,6.375],"rotation":180,"texture":"#0"},"down":{"uv":[5.375,5.125,5.125,6.375],"texture":"#0"}}},{"from":[4,-2.29234,-2.92869],"to":[4,8.70766,16.07131],"rotation":{"angle":45,"axis":"x","origin":[7.675,13.84458,9.19755]},"faces":{"north":{"uv":[5.375,5.375,5.125,5.125],"rotation":180,"texture":"#0"},"east":{"uv":[6,6.125,7.375,3.75],"rotation":270,"texture":"#0"},"south":{"uv":[5.125,6.5,5.375,6.75],"texture":"#0"},"west":{"uv":[7.375,6.125,6,3.75],"rotation":90,"texture":"#0"},"up":{"uv":[5.375,6.375,5.125,5.125],"rotation":180,"texture":"#0"},"down":{"uv":[5.375,6.375,5.125,5.125],"texture":"#0"}}},{"from":[8.6,12,0.5],"to":[8.6,31,11.5],"rotation":{"angle":22.5,"axis":"x","origin":[7.675,14.02606,7.03232]},"faces":{"north":{"uv":[5.375,5.125,5.125,6.375],"texture":"#0"},"east":{"uv":[7.375,3.75,6,6.125],"texture":"#0"},"south":{"uv":[5.375,5.125,5.125,6.375],"texture":"#0"},"west":{"uv":[6,3.75,7.375,6.125],"texture":"#0"},"up":{"uv":[5.125,5.375,5.375,5.125],"texture":"#0"},"down":{"uv":[5.375,6.5,5.125,6.75],"texture":"#0"}}},{"from":[8.35,4,9.19921],"to":[8.35,32,20.19921],"rotation":{"angle":22.5,"axis":"x","origin":[7.675,13.84458,6.80245]},"faces":{"north":{"uv":[5.375,5.125,5.125,6.375],"texture":"#0"},"east":{"uv":[8.875,1.75,7.5,5.25],"texture":"#0"},"south":{"uv":[5.375,5.125,5.125,6.375],"texture":"#0"},"west":{"uv":[7.5,1.75,8.875,5.25],"texture":"#0"},"up":{"uv":[5.125,5.375,5.375,5.125],"texture":"#0"},"down":{"uv":[5.375,6.5,5.125,6.75],"texture":"#0"}}},{"from":[-7.72176,4,7.47745],"to":[3.27824,32,7.47745],"rotation":{"angle":45,"axis":"z","origin":[7.675,13.84458,6.80245]},"faces":{"north":{"uv":[7.5,1.75,8.875,5.25],"texture":"#0"},"east":{"uv":[5.375,5.125,5.125,6.375],"texture":"#0"},"south":{"uv":[8.875,1.75,7.5,5.25],"texture":"#0"},"west":{"uv":[5.375,5.125,5.125,6.375],"texture":"#0"},"up":{"uv":[5.125,5.375,5.375,5.125],"rotation":90,"texture":"#0"},"down":{"uv":[5.375,6.5,5.125,6.75],"rotation":270,"texture":"#0"}}},{"from":[1.97745,8,7.47745],"to":[12.97745,27,7.47745],"rotation":{"angle":0,"axis":"y","origin":[7.675,13.84458,6.80245]},"faces":{"north":{"uv":[6,3.75,7.375,6.125],"texture":"#0"},"east":{"uv":[5.375,5.125,5.125,6.375],"texture":"#0"},"south":{"uv":[7.375,3.75,6,6.125],"texture":"#0"},"west":{"uv":[5.375,5.125,5.125,6.375],"texture":"#0"},"up":{"uv":[5.125,5.375,5.375,5.125],"rotation":90,"texture":"#0"},"down":{"uv":[5.375,6.5,5.125,6.75],"rotation":270,"texture":"#0"}}},{"from":[7.83596,12.89822,7.47745],"to":[18.83596,31.89822,7.47745],"rotation":{"angle":-22.5,"axis":"z","origin":[7.675,13.84458,6.80245]},"faces":{"north":{"uv":[6,3.75,7.375,6.125],"texture":"#0"},"east":{"uv":[5.375,5.125,5.125,6.375],"texture":"#0"},"south":{"uv":[7.375,3.75,6,6.125],"texture":"#0"},"west":{"uv":[5.375,5.125,5.125,6.375],"texture":"#0"},"up":{"uv":[5.125,5.375,5.375,5.125],"rotation":90,"texture":"#0"},"down":{"uv":[5.375,6.5,5.125,6.75],"rotation":270,"texture":"#0"}}},{"from":[12.68596,12.89822,0.62745],"to":[12.68596,31.89822,11.62745],"rotation":{"angle":-22.5,"axis":"z","origin":[7.675,13.84458,6.80245]},"faces":{"north":{"uv":[5.375,5.125,5.125,6.375],"texture":"#0"},"east":{"uv":[7.375,3.75,6,6.125],"texture":"#0"},"south":{"uv":[5.375,5.125,5.125,6.375],"texture":"#0"},"west":{"uv":[6,3.75,7.375,6.125],"texture":"#0"},"up":{"uv":[5.125,5.375,5.375,5.125],"texture":"#0"},"down":{"uv":[5.375,6.5,5.125,6.75],"texture":"#0"}}},{"from":[3.80125,-1.29234,7.72745],"to":[22.80125,9.70766,7.72745],"rotation":{"angle":22.5,"axis":"z","origin":[7.675,13.84458,6.80245]},"faces":{"north":{"uv":[6,3.75,7.375,6.125],"rotation":270,"texture":"#0"},"east":{"uv":[5.125,5.375,5.375,5.125],"rotation":180,"texture":"#0"},"south":{"uv":[7.375,3.75,6,6.125],"rotation":90,"texture":"#0"},"west":{"uv":[5.375,6.5,5.125,6.75],"texture":"#0"},"up":{"uv":[5.375,5.125,5.125,6.375],"rotation":90,"texture":"#0"},"down":{"uv":[5.375,5.125,5.125,6.375],"rotation":90,"texture":"#0"}}},{"from":[-0.19875,-1.29234,12.47745],"to":[18.80125,9.70766,12.47745],"rotation":{"angle":45,"axis":"z","origin":[7.675,13.84458,6.80245]},"faces":{"north":{"uv":[6,3.75,7.375,6.125],"rotation":270,"texture":"#0"},"east":{"uv":[5.125,5.375,5.375,5.125],"rotation":180,"texture":"#0"},"south":{"uv":[7.375,3.75,6,6.125],"rotation":90,"texture":"#0"},"west":{"uv":[5.375,6.5,5.125,6.75],"texture":"#0"},"up":{"uv":[5.375,5.125,5.125,6.375],"rotation":90,"texture":"#0"},"down":{"uv":[5.375,5.125,5.125,6.375],"rotation":90,"texture":"#0"}}},{"from":[-4.80125,-0.29234,4.47745],"to":[14.19875,10.70766,4.47745],"rotation":{"angle":-45,"axis":"z","origin":[8.325,13.84458,6.80245]},"faces":{"north":{"uv":[6,6.125,7.375,3.75],"rotation":270,"texture":"#0"},"east":{"uv":[5.125,6.5,5.375,6.75],"texture":"#0"},"south":{"uv":[7.375,6.125,6,3.75],"rotation":90,"texture":"#0"},"west":{"uv":[5.375,5.375,5.125,5.125],"rotation":180,"texture":"#0"},"up":{"uv":[5.375,6.375,5.125,5.125],"rotation":90,"texture":"#0"},"down":{"uv":[5.375,6.375,5.125,5.125],"rotation":90,"texture":"#0"}}},{"from":[6.75,-3,7],"to":[8.75,7,9],"rotation":{"angle":45,"axis":"x","origin":[8,-3,8]},"faces":{"north":{"uv":[5.125,5.125,5.375,6.375],"texture":"#0"},"east":{"uv":[5.375,5.125,5.125,6.375],"texture":"#0"},"south":{"uv":[5.125,5.125,5.375,6.375],"texture":"#0"},"west":{"uv":[5.375,5.125,5.125,6.375],"texture":"#0"},"up":{"uv":[5.125,5.125,5.375,5.375],"texture":"#0"},"down":{"uv":[5.375,6.75,5.125,6.5],"texture":"#0"}}},{"from":[10,0,6.75],"to":[12,10,8.75],"rotation":{"angle":45,"axis":"z","origin":[8,-3,8]},"faces":{"north":{"uv":[5.375,4.875,5.125,6.125],"texture":"#0"},"east":{"uv":[5.125,4.875,5.375,6.125],"texture":"#0"},"south":{"uv":[5.375,4.875,5.125,6.125],"texture":"#0"},"west":{"uv":[5.125,4.875,5.375,6.125],"texture":"#0"},"up":{"uv":[5.125,5.125,5.375,5.375],"rotation":90,"texture":"#0"},"down":{"uv":[5.375,6.75,5.125,6.5],"rotation":270,"texture":"#0"}}},{"from":[-1.75,6,6.75],"to":[0.25,16,8.75],"rotation":{"angle":-45,"axis":"z","origin":[8,-3,8]},"faces":{"north":{"uv":[5.125,4.625,5.375,5.875],"texture":"#0"},"east":{"uv":[5.375,4.625,5.125,5.875],"texture":"#0"},"south":{"uv":[5.125,4.625,5.375,5.875],"texture":"#0"},"west":{"uv":[5.375,4.625,5.125,5.875],"texture":"#0"},"up":{"uv":[5.125,5.375,5.375,5.125],"rotation":90,"texture":"#0"},"down":{"uv":[5.375,6.5,5.125,6.75],"rotation":270,"texture":"#0"}}}],"display":{"thirdperson_righthand":{"rotation":[45,25,0],"translation":[0,3,1.5],"scale":[0.3,0.3,0.3]},"thirdperson_lefthand":{"rotation":[45,25,0],"translation":[0,3,1.5],"scale":[0.3,0.3,0.3]},"firstperson_righthand":{"rotation":[0,14,0],"translation":[2.25,2.5,0],"scale":[0.5,0.5,0.5]},"firstperson_lefthand":{"rotation":[0,14,0],"translation":[2.25,2.5,0],"scale":[0.5,0.5,0.5]},"ground":{"translation":[0,0.75,0],"scale":[0.3,0.3,0.3]},"gui":{"rotation":[30,135,0],"translation":[0,0.75,0],"scale":[0.35,0.35,0.35]},"head":{"translation":[0,-30.5,0],"scale":[1.6,1.6,1.6]},"fixed":{"rotation":[-90,0,0],"translation":[0,0,-48],"scale":[2,2,2]}}}