{"credit":"Made by Magic-Store","textures":{"0":"magicstore:furnitures/lunarfurniture_v2/lunarfurniture_v2_1","particle":"magicstore:furnitures/lunarfurniture_v2/lunarfurniture_v2_1"},"elements":[{"from":[7,-16,14],"to":[9,32,16],"faces":{"north":{"uv":[5.125,13.375,11.125,13.125],"rotation":90,"texture":"#0"},"east":{"uv":[5.125,13.125,11.125,13.375],"rotation":90,"texture":"#0"},"south":{"uv":[5.125,13.375,11.125,13.125],"rotation":90,"texture":"#0"},"west":{"uv":[5.125,13.125,11.125,13.375],"rotation":90,"texture":"#0"},"up":{"uv":[5.125,13.125,5.375,13.375],"rotation":90,"texture":"#0"},"down":{"uv":[5.125,13.125,5.375,13.375],"rotation":90,"texture":"#0"}}},{"from":[6.9,29,1],"to":[9.1,31,17],"rotation":{"angle":0,"axis":"y","origin":[0,1,0]},"faces":{"north":{"uv":[5.125,12.75,5.25,13],"texture":"#0"},"east":{"uv":[7.125,12.75,5.125,13],"texture":"#0"},"south":{"uv":[5.125,12.75,5.25,13],"texture":"#0"},"west":{"uv":[5.125,12.75,7.125,13],"texture":"#0"},"up":{"uv":[5.125,12.75,7.125,12.875],"rotation":90,"texture":"#0"},"down":{"uv":[7.125,12.875,5.125,13],"rotation":90,"texture":"#0"}}},{"from":[3.5,14.5,0.5],"to":[12.5,27.5,9.5],"rotation":{"angle":0,"axis":"y","origin":[8,17.5,7.5]},"faces":{"north":{"uv":[7.625,6.25,8.75,7.875],"texture":"#0"},"east":{"uv":[7.625,6.25,8.75,7.875],"texture":"#0"},"south":{"uv":[7.625,6.25,8.75,7.875],"texture":"#0"},"west":{"uv":[7.625,6.25,8.75,7.875],"texture":"#0"},"up":{"uv":[7.625,8,8.75,9.125],"texture":"#0"},"down":{"uv":[7.625,9.25,8.75,10.375],"texture":"#0"}}},{"from":[7.5,25,5],"to":[8.5,29,5],"faces":{"north":{"uv":[7.75,7.625,7.625,7.125],"texture":"#0"},"east":{"uv":[0,0,0,0.5],"texture":"#missing"},"south":{"uv":[7.75,7.625,7.625,7.125],"texture":"#0"},"west":{"uv":[0,0,0,0.5],"texture":"#missing"},"up":{"uv":[0,0,0.125,0],"texture":"#missing"},"down":{"uv":[0,0,0.125,0],"texture":"#missing"}}},{"from":[8,25,4.5],"to":[8,29,5.5],"rotation":{"angle":0,"axis":"y","origin":[8,26,7.5]},"faces":{"north":{"uv":[0,0,0,0.5],"texture":"#missing"},"east":{"uv":[7.75,7.625,7.625,7.125],"texture":"#0"},"south":{"uv":[0,0,0,0.5],"texture":"#missing"},"west":{"uv":[7.75,7.625,7.625,7.125],"texture":"#0"},"up":{"uv":[0,0,0.125,0],"rotation":270,"texture":"#missing"},"down":{"uv":[0,0,0.125,0],"rotation":90,"texture":"#missing"}}},{"from":[7.5,12,5],"to":[8.5,16,5],"faces":{"north":{"uv":[7.75,7.625,7.625,7.125],"texture":"#0"},"east":{"uv":[0,0,0,0.5],"texture":"#missing"},"south":{"uv":[7.75,7.625,7.625,7.125],"texture":"#0"},"west":{"uv":[0,0,0,0.5],"texture":"#missing"},"up":{"uv":[0,0,0.125,0],"texture":"#missing"},"down":{"uv":[0,0,0.125,0],"texture":"#missing"}}},{"from":[8,12,4.5],"to":[8,16,5.5],"rotation":{"angle":0,"axis":"y","origin":[8,26,7.5]},"faces":{"north":{"uv":[0,0,0,0.5],"texture":"#missing"},"east":{"uv":[7.75,7.625,7.625,7.125],"texture":"#0"},"south":{"uv":[0,0,0,0.5],"texture":"#missing"},"west":{"uv":[7.75,7.625,7.625,7.125],"texture":"#0"},"up":{"uv":[0,0,0.125,0],"rotation":270,"texture":"#missing"},"down":{"uv":[0,0,0.125,0],"rotation":90,"texture":"#missing"}}},{"from":[3.5,14.5,9.5],"to":[12.5,27.5,0.5],"rotation":{"angle":0,"axis":"y","origin":[8,17.5,7.5]},"faces":{"north":{"uv":[7.625,6.25,8.75,7.875],"texture":"#0"},"east":{"uv":[7.625,6.25,8.75,7.875],"texture":"#0"},"south":{"uv":[7.625,6.25,8.75,7.875],"texture":"#0"},"west":{"uv":[7.625,6.25,8.75,7.875],"texture":"#0"},"up":{"uv":[7.625,8,8.75,9.125],"texture":"#0"},"down":{"uv":[7.625,9.25,8.75,10.375],"texture":"#0"}}}],"display":{"thirdperson_righthand":{"rotation":[45,25,0],"translation":[0,3,1.5],"scale":[0.3,0.3,0.3]},"thirdperson_lefthand":{"rotation":[45,25,0],"translation":[0,3,1.5],"scale":[0.3,0.3,0.3]},"firstperson_righthand":{"rotation":[0,14,0],"translation":[2.25,2.5,0],"scale":[0.5,0.5,0.5]},"firstperson_lefthand":{"rotation":[0,14,0],"translation":[2.25,2.5,0],"scale":[0.5,0.5,0.5]},"ground":{"translation":[0,0.75,0],"scale":[0.3,0.3,0.3]},"gui":{"rotation":[30,135,0],"translation":[-0.75,-0.75,0],"scale":[0.35,0.35,0.35]},"head":{"translation":[0,-30.5,0],"scale":[1.6,1.6,1.6]},"fixed":{"rotation":[-90,0,0],"translation":[0,0,-48],"scale":[2,2,2]}}}