{"credit":"Made by Magic-Store","texture_size":[128,128],"textures":{"0":"magicstore:furnitures/lunarfurniture_v2/lunarfurniture_v2_1","particle":"magicstore:furnitures/lunarfurniture_v2/lunarfurniture_v2_1"},"elements":[{"from":[11,-3,12.1],"to":[13,21,14.1],"rotation":{"angle":-45,"axis":"z","origin":[9,13,9]},"faces":{"north":{"uv":[0.25,8.5,0,11.5],"texture":"#0"},"east":{"uv":[0.125,8.5,0.25,11.5],"texture":"#0"},"south":{"uv":[0,8.5,0.25,11.5],"texture":"#0"},"west":{"uv":[0,8.5,0.125,11.5],"texture":"#0"},"up":{"uv":[0,8.5,0.25,8.75],"texture":"#0"},"down":{"uv":[0.25,8.75,0,8.5],"texture":"#0"}}},{"from":[3,-3,12],"to":[5,21,14],"rotation":{"angle":45,"axis":"z","origin":[7,13,9]},"faces":{"north":{"uv":[0,8.5,0.25,11.5],"texture":"#0"},"east":{"uv":[0.125,8.5,0,11.5],"texture":"#0"},"south":{"uv":[0.25,8.5,0,11.5],"texture":"#0"},"west":{"uv":[0.25,8.5,0.125,11.5],"texture":"#0"},"up":{"uv":[0.25,8.5,0,8.75],"texture":"#0"},"down":{"uv":[0,8.75,0.25,8.5],"texture":"#0"}}},{"from":[3,-3,2],"to":[5,21,4],"rotation":{"angle":45,"axis":"z","origin":[7,13,7]},"faces":{"north":{"uv":[0,8.5,0.25,11.5],"texture":"#0"},"east":{"uv":[0,8.5,0.125,11.5],"texture":"#0"},"south":{"uv":[0.25,8.5,0,11.5],"texture":"#0"},"west":{"uv":[0.125,8.5,0.25,11.5],"texture":"#0"},"up":{"uv":[0.25,8.75,0,8.5],"texture":"#0"},"down":{"uv":[0,8.5,0.25,8.75],"texture":"#0"}}},{"from":[11,-3,1.9],"to":[13,21,3.9],"rotation":{"angle":-45,"axis":"z","origin":[9,13,7]},"faces":{"north":{"uv":[0.25,8.5,0,11.5],"texture":"#0"},"east":{"uv":[0.25,8.5,0.125,11.5],"texture":"#0"},"south":{"uv":[0,8.5,0.25,11.5],"texture":"#0"},"west":{"uv":[0.125,8.5,0,11.5],"texture":"#0"},"up":{"uv":[0,8.75,0.25,8.5],"texture":"#0"},"down":{"uv":[0.25,8.5,0,8.75],"texture":"#0"}}},{"from":[-1,11,1],"to":[14,26,15],"rotation":{"angle":-45,"axis":"z","origin":[8,17,-4]},"faces":{"east":{"uv":[1.125,11.5,3,15.25],"rotation":90,"texture":"#0"},"west":{"uv":[5.125,9.875,7,8.125],"rotation":90,"texture":"#0"},"up":{"uv":[7,8.125,5.125,9.875],"texture":"#0"},"down":{"uv":[7,10,5.125,11.75],"texture":"#0"}}},{"from":[-1.3,10.7,0.7],"to":[14.3,26.3,15.3],"rotation":{"angle":-45,"axis":"z","origin":[8,17,-4]},"faces":{"north":{"uv":[3.125,9.5,5,7.625],"rotation":90,"texture":"#0"},"east":{"uv":[5.125,8,7,6.125],"rotation":90,"texture":"#0"},"south":{"uv":[3.125,7.625,5,9.5],"rotation":90,"texture":"#0"},"west":{"uv":[5.125,8,7,6.125],"rotation":90,"texture":"#0"},"up":{"uv":[7,6.125,5.125,8],"texture":"#0"},"down":{"uv":[7,6.125,5.125,8],"texture":"#0"}}},{"from":[9,6.5,1],"to":[11,7.5,15],"rotation":{"angle":-45,"axis":"z","origin":[9,13,-4]},"faces":{"north":{"uv":[0.375,8.625,0.625,8.5],"texture":"#0"},"east":{"uv":[0,13.375,0.125,11.625],"rotation":90,"texture":"#0"},"south":{"uv":[0.625,8.625,0.375,8.5],"texture":"#0"},"west":{"uv":[0.125,11.625,0.25,13.375],"rotation":90,"texture":"#0"},"up":{"uv":[0.25,13.375,0,11.625],"texture":"#0"},"down":{"uv":[0.25,11.625,0,13.375],"texture":"#0"}}},{"from":[-4,11,1],"to":[-2,12,15],"rotation":{"angle":45,"axis":"z","origin":[9,13,10]},"faces":{"north":{"uv":[0.625,8.625,0.375,8.5],"texture":"#0"},"east":{"uv":[0.125,11.625,0.25,13.375],"rotation":90,"texture":"#0"},"south":{"uv":[0.375,8.5,0.625,8.625],"texture":"#0"},"west":{"uv":[0,13.375,0.125,11.625],"rotation":90,"texture":"#0"},"up":{"uv":[0,11.625,0.25,13.375],"texture":"#0"},"down":{"uv":[0,11.625,0.25,13.375],"texture":"#0"}}},{"from":[18,11,1],"to":[20,12,15],"rotation":{"angle":-45,"axis":"z","origin":[7,13,10]},"faces":{"north":{"uv":[0.375,8.625,0.625,8.5],"texture":"#0"},"east":{"uv":[0,11.625,0.125,13.375],"rotation":90,"texture":"#0"},"south":{"uv":[0.625,8.5,0.375,8.625],"texture":"#0"},"west":{"uv":[0.125,13.375,0.25,11.625],"rotation":90,"texture":"#0"},"up":{"uv":[0.25,11.625,0,13.375],"texture":"#0"},"down":{"uv":[0.25,11.625,0,13.375],"texture":"#0"}}},{"from":[5,6.5,1],"to":[7,7.5,15],"rotation":{"angle":45,"axis":"z","origin":[7,13,-4]},"faces":{"north":{"uv":[0.625,8.625,0.375,8.5],"texture":"#0"},"east":{"uv":[0.125,13.375,0.25,11.625],"rotation":90,"texture":"#0"},"south":{"uv":[0.375,8.625,0.625,8.5],"texture":"#0"},"west":{"uv":[0,11.625,0.125,13.375],"rotation":90,"texture":"#0"},"up":{"uv":[0,13.375,0.25,11.625],"texture":"#0"},"down":{"uv":[0,11.625,0.25,13.375],"texture":"#0"}}},{"from":[13.75,8,4],"to":[13.75,14,12],"rotation":{"angle":0,"axis":"y","origin":[16,0,-5]},"faces":{"north":{"uv":[0,0,0,0.75],"texture":"#missing"},"east":{"uv":[3.625,6.625,2.625,7.375],"texture":"#0"},"south":{"uv":[0,0,0,0.75],"texture":"#missing"},"west":{"uv":[3.625,6.625,2.625,7.375],"texture":"#0"},"up":{"uv":[0,0,0,1],"texture":"#missing"},"down":{"uv":[0,0,0,1],"texture":"#missing"}}},{"from":[2.25,8,4],"to":[2.25,14,12],"rotation":{"angle":0,"axis":"y","origin":[0,0,-5]},"faces":{"north":{"uv":[0,0,0,0.75],"texture":"#missing"},"east":{"uv":[2.625,6.625,3.625,7.375],"texture":"#0"},"south":{"uv":[0,0,0,0.75],"texture":"#missing"},"west":{"uv":[2.625,6.625,3.625,7.375],"texture":"#0"},"up":{"uv":[0,0,0,1],"texture":"#missing"},"down":{"uv":[0,0,0,1],"texture":"#missing"}}}],"display":{"thirdperson_righthand":{"rotation":[45,25,0],"translation":[0,3,1.5],"scale":[0.3,0.3,0.3]},"thirdperson_lefthand":{"rotation":[45,25,0],"translation":[0,3,1.5],"scale":[0.3,0.3,0.3]},"firstperson_righthand":{"rotation":[0,14,0],"translation":[2.25,2.5,0],"scale":[0.5,0.5,0.5]},"firstperson_lefthand":{"rotation":[0,14,0],"translation":[2.25,2.5,0],"scale":[0.5,0.5,0.5]},"ground":{"translation":[0,0.75,0],"scale":[0.3,0.3,0.3]},"gui":{"rotation":[30,135,0],"translation":[0,-1.75,0],"scale":[0.4,0.4,0.4]},"head":{"translation":[0,-30.5,0],"scale":[1.6,1.6,1.6]},"fixed":{"rotation":[-90,0,0],"translation":[0,0,-16],"scale":[2,2,2]}}}