{"credit":"Made by Magic-Store","texture_size":[128,128],"textures":{"0":"magicstore:furnitures/lunarfurniture_v2/lunarfurniture_v2_1","particle":"magicstore:furnitures/lunarfurniture_v2/lunarfurniture_v2_1"},"elements":[{"from":[3.5,-8,3.5],"to":[12.5,29,12.5],"rotation":{"angle":0,"axis":"y","origin":[8,17.5,7.5]},"faces":{"north":{"uv":[8.875,4.875,10,9.5],"texture":"#0"},"east":{"uv":[8.875,4.875,10,9.5],"texture":"#0"},"south":{"uv":[8.875,4.875,10,9.5],"texture":"#0"},"west":{"uv":[8.875,4.875,10,9.5],"texture":"#0"},"up":{"uv":[7.625,8,8.75,9.125],"texture":"#0"}}},{"from":[3.5,-8,12.5],"to":[12.5,29,3.5],"rotation":{"angle":0,"axis":"y","origin":[8,17.5,7.5]},"faces":{"north":{"uv":[8.875,4.875,10,9.5],"texture":"#0"},"east":{"uv":[8.875,4.875,10,9.5],"texture":"#0"},"south":{"uv":[8.875,4.875,10,9.5],"texture":"#0"},"west":{"uv":[8.875,4.875,10,9.5],"texture":"#0"},"up":{"uv":[7.625,8,8.75,9.125],"texture":"#0"}}},{"from":[3,-16,3],"to":[13,-8,13],"faces":{"north":{"uv":[8.75,11.625,10,12.625],"texture":"#0"},"east":{"uv":[8.75,11.625,10,12.625],"texture":"#0"},"south":{"uv":[8.75,11.625,10,12.625],"texture":"#0"},"west":{"uv":[8.75,11.625,10,12.625],"texture":"#0"},"up":{"uv":[8.875,10.25,10.125,11.5],"texture":"#0"},"down":{"uv":[10.25,11.375,11.5,12.625],"texture":"#0"}}},{"from":[3,29,13],"to":[13,31,3],"faces":{"north":{"uv":[8.875,9.625,10.125,9.875],"texture":"#0"},"east":{"uv":[8.875,9.625,10.125,9.875],"texture":"#0"},"south":{"uv":[8.875,9.625,10.125,9.875],"texture":"#0"},"west":{"uv":[8.875,9.625,10.125,9.875],"texture":"#0"},"up":{"uv":[10.25,10,11.5,11.25],"texture":"#0"},"down":{"uv":[10.25,8.625,11.5,9.875],"texture":"#0"}}},{"from":[3,29,3],"to":[13,31,13],"faces":{"north":{"uv":[8.875,9.625,10.125,9.875],"texture":"#0"},"east":{"uv":[8.875,9.625,10.125,9.875],"texture":"#0"},"south":{"uv":[8.875,9.625,10.125,9.875],"texture":"#0"},"west":{"uv":[8.875,9.625,10.125,9.875],"texture":"#0"},"up":{"uv":[10.25,10,11.5,11.25],"texture":"#0"},"down":{"uv":[10.25,8.625,11.5,9.875],"texture":"#0"}}},{"from":[3,24,0],"to":[3,32,4],"rotation":{"angle":45,"axis":"y","origin":[3,30,3]},"faces":{"east":{"uv":[8.875,4.25,9.875,3.75],"rotation":90,"texture":"#0"},"west":{"uv":[8.875,3.75,9.875,4.25],"rotation":90,"texture":"#0"}}},{"from":[13,24,0],"to":[13,32,4],"rotation":{"angle":-45,"axis":"y","origin":[13,30,3]},"faces":{"east":{"uv":[8.875,4.25,9.875,3.75],"rotation":90,"texture":"#0"},"west":{"uv":[8.875,3.75,9.875,4.25],"rotation":90,"texture":"#0"}}},{"from":[13,24,12],"to":[13,32,16],"rotation":{"angle":45,"axis":"y","origin":[13,30,13]},"faces":{"east":{"uv":[8.875,3.75,9.875,4.25],"rotation":90,"texture":"#0"},"west":{"uv":[8.875,4.25,9.875,3.75],"rotation":90,"texture":"#0"}}},{"from":[3,24,12],"to":[3,32,16],"rotation":{"angle":-45,"axis":"y","origin":[3,30,13]},"faces":{"east":{"uv":[8.875,3.75,9.875,4.25],"rotation":90,"texture":"#0"},"west":{"uv":[8.875,4.25,9.875,3.75],"rotation":90,"texture":"#0"}}}],"display":{"thirdperson_righthand":{"rotation":[45,25,0],"translation":[0,3,1.5],"scale":[0.3,0.3,0.3]},"thirdperson_lefthand":{"rotation":[45,25,0],"translation":[0,3,1.5],"scale":[0.3,0.3,0.3]},"firstperson_righthand":{"rotation":[0,14,0],"translation":[2.25,2.5,0],"scale":[0.5,0.5,0.5]},"firstperson_lefthand":{"rotation":[0,14,0],"translation":[2.25,2.5,0],"scale":[0.5,0.5,0.5]},"ground":{"translation":[0,0.75,0],"scale":[0.3,0.3,0.3]},"gui":{"rotation":[30,135,0],"translation":[0,0.75,0],"scale":[0.35,0.35,0.35]},"head":{"translation":[0,-30.5,0],"scale":[1.6,1.6,1.6]},"fixed":{"rotation":[-90,0,0],"translation":[0,0,-48],"scale":[2,2,2]}}}