{"credit":"79490 / 721PVX64EW83Z66","texture_size":[128,128],"textures":{"0":"magicstore:furnitures/lunarfurniture_v2/lunarfurniture_v2_28","particle":"magicstore:furnitures/lunarfurniture_v2/lunarfurniture_v2_28"},"elements":[{"from":[2,0,2],"to":[14,2,14],"faces":{"north":{"uv":[4.125,0.375,5.625,0.625],"texture":"#0"},"east":{"uv":[4.125,0.375,5.625,0.625],"texture":"#0"},"south":{"uv":[4.125,0.375,5.625,0.625],"texture":"#0"},"west":{"uv":[4.125,0.375,5.625,0.625],"texture":"#0"},"up":{"uv":[4.125,1.75,5.625,3.25],"texture":"#0"},"down":{"uv":[4.125,1.75,5.625,3.25],"texture":"#0"}}},{"from":[3,2,3],"to":[13,3,13],"faces":{"north":{"uv":[5.75,0.375,7,0.5],"texture":"#0"},"east":{"uv":[5.75,0.375,7,0.5],"texture":"#0"},"south":{"uv":[5.75,0.375,7,0.5],"texture":"#0"},"west":{"uv":[5.75,0.375,7,0.5],"texture":"#0"},"up":{"uv":[6,0.625,7.25,1.875],"texture":"#0"},"down":{"uv":[0,0,1.25,1.25],"texture":"#missing"}}}],"display":{"thirdperson_righthand":{"rotation":[45,25,0],"translation":[0,3,1.5],"scale":[0.3,0.3,0.3]},"thirdperson_lefthand":{"rotation":[45,25,0],"translation":[0,3,1.5],"scale":[0.3,0.3,0.3]},"firstperson_righthand":{"rotation":[0,14,0],"translation":[2.25,2.5,0],"scale":[0.5,0.5,0.5]},"firstperson_lefthand":{"rotation":[0,14,0],"translation":[2.25,2.5,0],"scale":[0.5,0.5,0.5]},"ground":{"translation":[0,0.75,0],"scale":[0.3,0.3,0.3]},"gui":{"rotation":[30,135,0],"translation":[0.25,-0.75,0],"scale":[0.55,0.55,0.55]},"head":{"translation":[0,-30.5,0],"scale":[1.6,1.6,1.6]},"fixed":{"rotation":[-90,0,0],"translation":[0,0,-16],"scale":[2,2,2]}}}