{"credit":"Made by Magic-Store","texture_size":[128,128],"textures":{"0":"magicstore:furnitures/lunarfurniture_v2/lunarfurniture_v2_1","particle":"magicstore:furnitures/lunarfurniture_v2/lunarfurniture_v2_1"},"elements":[{"from":[0,3,0],"to":[16,16,16],"rotation":{"angle":0,"axis":"y","origin":[0,3,0]},"faces":{"north":{"uv":[14,0,16,1.625],"texture":"#0"},"east":{"uv":[14,0,16,1.625],"texture":"#0"},"south":{"uv":[14,0,16,1.625],"texture":"#0"},"west":{"uv":[14,0,16,1.625],"texture":"#0"},"up":{"uv":[14,1.75,16,3.75],"texture":"#0"},"down":{"uv":[14,3.875,16,5.875],"texture":"#0"}}},{"from":[16,3,0],"to":[0,16,16],"rotation":{"angle":0,"axis":"y","origin":[0,3,0]},"faces":{"north":{"uv":[14,0,16,1.625],"texture":"#0"},"east":{"uv":[14,0,16,1.625],"texture":"#0"},"south":{"uv":[14,0,16,1.625],"texture":"#0"},"west":{"uv":[14,0,16,1.625],"texture":"#0"},"up":{"uv":[14,1.75,16,3.75],"texture":"#0"},"down":{"uv":[14,3.875,16,5.875],"texture":"#0"}}},{"from":[3,16,3],"to":[13,18,13],"rotation":{"angle":0,"axis":"y","origin":[0,3,0]},"faces":{"north":{"uv":[13.625,0,13.875,1.25],"rotation":90,"texture":"#0"},"east":{"uv":[13.625,0,13.875,1.25],"rotation":90,"texture":"#0"},"south":{"uv":[13.625,0,13.875,1.25],"rotation":90,"texture":"#0"},"west":{"uv":[13.625,0,13.875,1.25],"rotation":90,"texture":"#0"},"up":{"uv":[12.625,1.375,13.875,2.625],"rotation":90,"texture":"#0"}}},{"from":[3,16,13],"to":[13,18,3],"rotation":{"angle":0,"axis":"y","origin":[0,3,0]},"faces":{"north":{"uv":[13.625,0,13.875,1.25],"rotation":90,"texture":"#0"},"east":{"uv":[13.625,0,13.875,1.25],"rotation":90,"texture":"#0"},"south":{"uv":[13.625,0,13.875,1.25],"rotation":90,"texture":"#0"},"west":{"uv":[13.625,0,13.875,1.25],"rotation":90,"texture":"#0"},"up":{"uv":[12.625,1.375,13.875,2.625],"rotation":90,"texture":"#0"}}},{"from":[3,1,3],"to":[13,3,13],"rotation":{"angle":0,"axis":"y","origin":[0,19,0]},"faces":{"north":{"uv":[13.875,0,13.625,1.25],"rotation":90,"texture":"#0"},"east":{"uv":[13.875,0,13.625,1.25],"rotation":90,"texture":"#0"},"south":{"uv":[13.875,0,13.625,1.25],"rotation":90,"texture":"#0"},"west":{"uv":[13.875,0,13.625,1.25],"rotation":90,"texture":"#0"},"down":{"uv":[13.875,1.375,12.625,2.625],"rotation":90,"texture":"#0"}}},{"from":[13,1,3],"to":[3,3,13],"rotation":{"angle":0,"axis":"y","origin":[0,19,0]},"faces":{"north":{"uv":[13.875,0,13.625,1.25],"rotation":90,"texture":"#0"},"east":{"uv":[13.875,0,13.625,1.25],"rotation":90,"texture":"#0"},"south":{"uv":[13.875,0,13.625,1.25],"rotation":90,"texture":"#0"},"west":{"uv":[13.875,0,13.625,1.25],"rotation":90,"texture":"#0"},"down":{"uv":[13.875,1.375,12.625,2.625],"rotation":90,"texture":"#0"}}},{"from":[3,-5,3],"to":[3,1,13],"rotation":{"angle":0,"axis":"y","origin":[8,-2,8]},"faces":{"north":{"uv":[0,0,0,0.75],"texture":"#missing"},"east":{"uv":[13.875,2.75,13.125,4],"rotation":90,"texture":"#0"},"south":{"uv":[0,0,0,0.75],"texture":"#missing"},"west":{"uv":[13.875,2.75,13.125,4],"rotation":90,"texture":"#0"},"up":{"uv":[0,0,1.25,0],"rotation":270,"texture":"#missing"},"down":{"uv":[0,0,1.25,0],"rotation":90,"texture":"#missing"}}},{"from":[3,-5,13],"to":[13,1,13],"rotation":{"angle":0,"axis":"y","origin":[8,-2,8]},"faces":{"north":{"uv":[13.875,2.75,13.125,4],"rotation":90,"texture":"#0"},"east":{"uv":[0,0,0,0.75],"texture":"#missing"},"south":{"uv":[13.875,2.75,13.125,4],"rotation":90,"texture":"#0"},"west":{"uv":[0,0,0,0.75],"texture":"#missing"},"up":{"uv":[0,0,1.25,0],"rotation":180,"texture":"#missing"},"down":{"uv":[0,0,1.25,0],"rotation":180,"texture":"#missing"}}},{"from":[13,-5,3],"to":[13,1,13],"rotation":{"angle":0,"axis":"y","origin":[8,-2,8]},"faces":{"north":{"uv":[0,0,0,0.75],"texture":"#missing"},"east":{"uv":[13.875,2.75,13.125,4],"rotation":90,"texture":"#0"},"south":{"uv":[0,0,0,0.75],"texture":"#missing"},"west":{"uv":[13.875,2.75,13.125,4],"rotation":90,"texture":"#0"},"up":{"uv":[0,0,1.25,0],"rotation":90,"texture":"#missing"},"down":{"uv":[0,0,1.25,0],"rotation":270,"texture":"#missing"}}},{"from":[3,-5,3],"to":[13,1,3],"rotation":{"angle":0,"axis":"y","origin":[8,-2,8]},"faces":{"north":{"uv":[13.875,2.75,13.125,4],"rotation":90,"texture":"#0"},"east":{"uv":[0,0,0,0.75],"texture":"#missing"},"south":{"uv":[13.875,2.75,13.125,4],"rotation":90,"texture":"#0"},"west":{"uv":[0,0,0,0.75],"texture":"#missing"},"up":{"uv":[0,0,1.25,0],"texture":"#missing"},"down":{"uv":[0,0,1.25,0],"texture":"#missing"}}},{"from":[7.5,18,8],"to":[8.5,24,8],"rotation":{"angle":0,"axis":"y","origin":[8,21,8]},"faces":{"north":{"uv":[12.375,1.375,12.5,2.125],"texture":"#0"},"east":{"uv":[0,0,0,0.75],"texture":"#missing"},"south":{"uv":[12.375,1.375,12.5,2.125],"texture":"#0"},"west":{"uv":[0,0,0,0.75],"texture":"#missing"},"up":{"uv":[0,0,0,0.125],"rotation":270,"texture":"#missing"},"down":{"uv":[0,0,0,0.125],"rotation":90,"texture":"#missing"}}},{"from":[8,18,7.5],"to":[8,24,8.5],"rotation":{"angle":0,"axis":"y","origin":[0,3,0]},"faces":{"north":{"uv":[0,0,0,0.75],"texture":"#missing"},"east":{"uv":[12.375,1.375,12.5,2.125],"texture":"#0"},"south":{"uv":[0,0,0,0.75],"texture":"#missing"},"west":{"uv":[12.375,1.375,12.5,2.125],"texture":"#0"},"up":{"uv":[0,0,0,0.125],"texture":"#missing"},"down":{"uv":[0,0,0,0.125],"texture":"#missing"}}},{"from":[8,-16,6.5],"to":[8,1,9.5],"rotation":{"angle":45,"axis":"y","origin":[8,-7.5,8]},"faces":{"north":{"uv":[0,0,0,2.125],"texture":"#missing"},"east":{"uv":[13.5,6.25,13.875,4.125],"texture":"#0"},"south":{"uv":[0,0,0,2.125],"texture":"#missing"},"west":{"uv":[13.875,6.25,13.5,4.125],"texture":"#0"},"up":{"uv":[0,0,0,0.875],"texture":"#missing"},"down":{"uv":[0,0,0,0.875],"texture":"#missing"}}},{"from":[8,-16,6.5],"to":[8,1,9.5],"rotation":{"angle":-45,"axis":"y","origin":[8,-7.5,8]},"faces":{"north":{"uv":[0,0,0,2.125],"texture":"#missing"},"east":{"uv":[13.875,6.25,13.5,4.125],"texture":"#0"},"south":{"uv":[0,0,0,2.125],"texture":"#missing"},"west":{"uv":[13.5,6.25,13.875,4.125],"texture":"#0"},"up":{"uv":[0,0,0,0.875],"rotation":180,"texture":"#missing"},"down":{"uv":[0,0,0,0.875],"rotation":180,"texture":"#missing"}}}],"display":{"thirdperson_righthand":{"rotation":[45,25,0],"translation":[0,3,1.5],"scale":[0.3,0.3,0.3]},"thirdperson_lefthand":{"rotation":[45,25,0],"translation":[0,3,1.5],"scale":[0.3,0.3,0.3]},"firstperson_righthand":{"rotation":[0,14,0],"translation":[2.25,2.5,0],"scale":[0.5,0.5,0.5]},"firstperson_lefthand":{"rotation":[0,14,0],"translation":[2.25,2.5,0],"scale":[0.5,0.5,0.5]},"ground":{"translation":[0,0.75,0],"scale":[0.3,0.3,0.3]},"gui":{"rotation":[30,135,0],"translation":[0.25,1.5,0],"scale":[0.4,0.4,0.4]},"head":{"translation":[0,-30.5,0],"scale":[1.6,1.6,1.6]},"fixed":{"rotation":[-90,0,180],"translation":[0,0,-32],"scale":[2,2,2]}}}