{"credit":"Made by Magic-Store","texture_size":[128,128],"textures":{"0":"magicstore:furnitures/lunarfurniture_v2/lunarfurniture_v2_1","particle":"magicstore:furnitures/lunarfurniture_v2/lunarfurniture_v2_1"},"elements":[{"from":[23,-9,7],"to":[26,20,10],"rotation":{"angle":0,"axis":"y","origin":[16,0,0]},"faces":{"north":{"uv":[7.125,6.25,7.5,9.875],"texture":"#0"},"east":{"uv":[7.5,6.25,7.125,9.875],"texture":"#0"},"south":{"uv":[7.125,6.25,7.5,9.875],"texture":"#0"},"west":{"uv":[7.5,6.25,7.125,9.875],"texture":"#0"}}},{"from":[22,-16,6],"to":[27,-9,11],"rotation":{"angle":0,"axis":"y","origin":[16,0,0]},"faces":{"north":{"uv":[4.125,6.125,4.75,7],"texture":"#0"},"east":{"uv":[4.125,6.125,4.75,7],"texture":"#0"},"south":{"uv":[4.125,6.125,4.75,7],"texture":"#0"},"west":{"uv":[4.125,6.125,4.75,7],"texture":"#0"},"up":{"uv":[8.125,5.5,8.75,6.125],"texture":"#0"},"down":{"uv":[7.375,5.5,8,6.125],"texture":"#0"}}},{"from":[-14,20,6],"to":[30,25,11],"faces":{"north":{"uv":[0,15.375,5.5,16],"texture":"#0"},"east":{"uv":[0,14.625,0.625,15.25],"texture":"#0"},"south":{"uv":[0,15.375,5.5,16],"texture":"#0"},"west":{"uv":[0,14.625,0.625,15.25],"texture":"#0"},"up":{"uv":[5.625,15.375,11.125,16],"texture":"#0"},"down":{"uv":[3.125,14.625,8.625,15.25],"texture":"#0"}}},{"from":[-4,-7,7],"to":[20,17,10],"faces":{"north":{"uv":[13,13,16,16],"texture":"#0"},"east":{"uv":[12.5,13,12.875,16],"texture":"#0"},"south":{"uv":[13,13,16,16],"texture":"#0"},"west":{"uv":[12.5,13,12.875,16],"texture":"#0"},"up":{"uv":[13,12.5,16,12.875],"texture":"#0"},"down":{"uv":[13,12,16,12.375],"texture":"#0"}}},{"from":[-11,-16,6],"to":[-6,-9,11],"faces":{"north":{"uv":[4.75,6.125,4.125,7],"texture":"#0"},"east":{"uv":[4.75,6.125,4.125,7],"texture":"#0"},"south":{"uv":[4.75,6.125,4.125,7],"texture":"#0"},"west":{"uv":[4.75,6.125,4.125,7],"texture":"#0"},"up":{"uv":[8.75,5.5,8.125,6.125],"texture":"#0"},"down":{"uv":[8,5.5,7.375,6.125],"texture":"#0"}}},{"from":[-10,-9,7],"to":[-7,20,10],"faces":{"north":{"uv":[7.5,6.25,7.125,9.875],"texture":"#0"},"east":{"uv":[7.125,6.25,7.5,9.875],"texture":"#0"},"south":{"uv":[7.5,6.25,7.125,9.875],"texture":"#0"},"west":{"uv":[7.125,6.25,7.5,9.875],"texture":"#0"}}},{"from":[-1,17,9],"to":[1,20,9],"faces":{"north":{"uv":[4.25,9.125,4,8.75],"texture":"#0"},"east":{"uv":[0,0,0,0.375],"texture":"#missing"},"south":{"uv":[4,9.125,4.25,8.75],"texture":"#0"},"west":{"uv":[0,0,0,0.375],"texture":"#missing"},"up":{"uv":[0,0,0.25,0],"texture":"#missing"},"down":{"uv":[0,0,0.25,0],"texture":"#missing"}}},{"from":[15,17,9],"to":[17,20,9],"rotation":{"angle":0,"axis":"y","origin":[16,0,0]},"faces":{"north":{"uv":[4,9.125,4.25,8.75],"texture":"#0"},"east":{"uv":[0,0,0,0.375],"texture":"#missing"},"south":{"uv":[4.25,9.125,4,8.75],"texture":"#0"},"west":{"uv":[0,0,0,0.375],"texture":"#missing"},"up":{"uv":[0.25,0,0,0],"texture":"#missing"},"down":{"uv":[0.25,0,0,0],"texture":"#missing"}}},{"from":[25,8,8.5],"to":[31,23,8.5],"faces":{"north":{"uv":[3.125,13.5,5,14.25],"rotation":90,"texture":"#0"},"east":{"uv":[0,0,0,1.875],"texture":"#missing"},"south":{"uv":[3.125,14.25,5,13.5],"rotation":90,"texture":"#0"},"west":{"uv":[0,0,0,1.875],"texture":"#missing"},"up":{"uv":[0,0,0.75,0],"texture":"#missing"},"down":{"uv":[0,0,0.75,0],"texture":"#missing"}}},{"from":[-16,25,8.5],"to":[32,32,8.5],"faces":{"north":{"uv":[5.125,13.625,11.125,14.5],"texture":"#0"},"east":{"uv":[0,0,0,1.875],"texture":"#missing"},"south":{"uv":[11.125,13.625,5.125,14.5],"texture":"#0"},"west":{"uv":[0,0,0,1.875],"texture":"#missing"},"up":{"uv":[0,0,0.75,0],"texture":"#missing"},"down":{"uv":[0,0,0.75,0],"texture":"#missing"}}},{"from":[-8,8,8.5],"to":[-2,23,8.5],"faces":{"north":{"uv":[3.125,13.5,5,14.25],"rotation":90,"texture":"#0"},"east":{"uv":[0,0,0,1.875],"texture":"#missing"},"south":{"uv":[3.125,14.25,5,13.5],"rotation":90,"texture":"#0"},"west":{"uv":[0,0,0,1.875],"texture":"#missing"},"up":{"uv":[0,0,0.75,0],"texture":"#missing"},"down":{"uv":[0,0,0.75,0],"texture":"#missing"}}},{"from":[18,8,8.5],"to":[24,23,8.5],"rotation":{"angle":0,"axis":"y","origin":[16,0,0]},"faces":{"north":{"uv":[3.125,14.25,5,13.5],"rotation":90,"texture":"#0"},"east":{"uv":[0,0,0,1.875],"texture":"#missing"},"south":{"uv":[3.125,13.5,5,14.25],"rotation":90,"texture":"#0"},"west":{"uv":[0,0,0,1.875],"texture":"#missing"},"up":{"uv":[0.75,0,0,0],"texture":"#missing"},"down":{"uv":[0.75,0,0,0],"texture":"#missing"}}},{"from":[-15,8,8.5],"to":[-9,23,8.5],"rotation":{"angle":0,"axis":"y","origin":[16,0,0]},"faces":{"north":{"uv":[3.125,14.25,5,13.5],"rotation":90,"texture":"#0"},"east":{"uv":[0,0,0,1.875],"texture":"#missing"},"south":{"uv":[3.125,13.5,5,14.25],"rotation":90,"texture":"#0"},"west":{"uv":[0,0,0,1.875],"texture":"#missing"},"up":{"uv":[0.75,0,0,0],"texture":"#missing"},"down":{"uv":[0.75,0,0,0],"texture":"#missing"}}}],"display":{"thirdperson_righthand":{"rotation":[45,25,0],"translation":[0,3,1.5],"scale":[0.3,0.3,0.3]},"thirdperson_lefthand":{"rotation":[45,25,0],"translation":[0,3,1.5],"scale":[0.3,0.3,0.3]},"firstperson_righthand":{"rotation":[0,14,0],"translation":[2.25,2.5,0],"scale":[0.5,0.5,0.5]},"firstperson_lefthand":{"rotation":[0,14,0],"translation":[2.25,2.5,0],"scale":[0.5,0.5,0.5]},"ground":{"translation":[0,0.75,0],"scale":[0.3,0.3,0.3]},"gui":{"rotation":[30,135,0],"translation":[-0.25,0.5,0],"scale":[0.3,0.3,0.3]},"head":{"translation":[0,-30.5,0],"scale":[1.6,1.6,1.6]},"fixed":{"rotation":[-90,0,0],"translation":[0,0,-48],"scale":[2,2,2]}}}