{"credit":"Made by Magic-Store","texture_size":[128,128],"textures":{"0":"magicstore:furnitures/lunarfurniture_v2/lunarfurniture_v2_1","particle":"magicstore:furnitures/lunarfurniture_v2/lunarfurniture_v2_1"},"elements":[{"from":[11,-3,18.1],"to":[13,21,20.1],"rotation":{"angle":-45,"axis":"z","origin":[9,13,15]},"faces":{"north":{"uv":[0.25,8.5,0,11.5],"texture":"#0"},"east":{"uv":[0.125,8.5,0.25,11.5],"texture":"#0"},"south":{"uv":[0,8.5,0.25,11.5],"texture":"#0"},"west":{"uv":[0,8.5,0.125,11.5],"texture":"#0"},"up":{"uv":[0,8.5,0.25,8.75],"texture":"#0"},"down":{"uv":[0.25,8.75,0,8.5],"texture":"#0"}}},{"from":[3,-3,18],"to":[5,21,20],"rotation":{"angle":45,"axis":"z","origin":[7,13,15]},"faces":{"north":{"uv":[0,8.5,0.25,11.5],"texture":"#0"},"east":{"uv":[0.125,8.5,0,11.5],"texture":"#0"},"south":{"uv":[0.25,8.5,0,11.5],"texture":"#0"},"west":{"uv":[0.25,8.5,0.125,11.5],"texture":"#0"},"up":{"uv":[0.25,8.5,0,8.75],"texture":"#0"},"down":{"uv":[0,8.75,0.25,8.5],"texture":"#0"}}},{"from":[3,-3,-4],"to":[5,21,-2],"rotation":{"angle":45,"axis":"z","origin":[7,13,1]},"faces":{"north":{"uv":[0,8.5,0.25,11.5],"texture":"#0"},"east":{"uv":[0,8.5,0.125,11.5],"texture":"#0"},"south":{"uv":[0.25,8.5,0,11.5],"texture":"#0"},"west":{"uv":[0.125,8.5,0.25,11.5],"texture":"#0"},"up":{"uv":[0.25,8.75,0,8.5],"texture":"#0"},"down":{"uv":[0,8.5,0.25,8.75],"texture":"#0"}}},{"from":[11,-3,-4.1],"to":[13,21,-2.1],"rotation":{"angle":-45,"axis":"z","origin":[9,13,1]},"faces":{"north":{"uv":[0.25,8.5,0,11.5],"texture":"#0"},"east":{"uv":[0.25,8.5,0.125,11.5],"texture":"#0"},"south":{"uv":[0,8.5,0.25,11.5],"texture":"#0"},"west":{"uv":[0.125,8.5,0,11.5],"texture":"#0"},"up":{"uv":[0,8.75,0.25,8.5],"texture":"#0"},"down":{"uv":[0.25,8.5,0,8.75],"texture":"#0"}}},{"from":[-1.3,10.7,-7.3],"to":[14.3,26.3,23.3],"rotation":{"angle":-45,"axis":"z","origin":[8,17,1]},"faces":{"north":{"uv":[3.125,9.5,5,7.625],"rotation":90,"texture":"#0"},"east":{"uv":[1.125,11.375,3,7.625],"rotation":90,"texture":"#0"},"south":{"uv":[3.125,7.625,5,9.5],"rotation":90,"texture":"#0"},"west":{"uv":[1.125,7.625,3,11.375],"rotation":90,"texture":"#0"},"up":{"uv":[1.125,11.375,3,7.625],"texture":"#0"},"down":{"uv":[1.125,7.625,3,11.375],"texture":"#0"}}},{"from":[-1,11,-7],"to":[14,26,23],"rotation":{"angle":-45,"axis":"z","origin":[8,17,1]},"faces":{"east":{"uv":[1.125,11.5,3,15.25],"rotation":90,"texture":"#0"},"west":{"uv":[3.125,9.625,5,13.375],"rotation":90,"texture":"#0"},"up":{"uv":[3.125,13.375,5,9.625],"texture":"#0"},"down":{"uv":[1.125,11.5,3,15.25],"texture":"#0"}}},{"from":[9,6.5,-5],"to":[11,7.5,21],"rotation":{"angle":-45,"axis":"z","origin":[9,13,1]},"faces":{"north":{"uv":[0.375,8.625,0.625,8.5],"texture":"#0"},"east":{"uv":[0.375,11.75,0.5,8.5],"rotation":90,"texture":"#0"},"south":{"uv":[0.625,8.625,0.375,8.5],"texture":"#0"},"west":{"uv":[0.5,8.5,0.625,11.75],"rotation":90,"texture":"#0"},"up":{"uv":[0.625,11.75,0.375,8.5],"texture":"#0"},"down":{"uv":[0.625,8.5,0.375,11.75],"texture":"#0"}}},{"from":[-4,11,-5],"to":[-2,12,21],"rotation":{"angle":45,"axis":"z","origin":[9,13,15]},"faces":{"north":{"uv":[0.625,8.625,0.375,8.5],"texture":"#0"},"east":{"uv":[0.5,8.5,0.625,11.75],"rotation":90,"texture":"#0"},"south":{"uv":[0.375,8.5,0.625,8.625],"texture":"#0"},"west":{"uv":[0.375,11.75,0.5,8.5],"rotation":90,"texture":"#0"},"up":{"uv":[0.375,8.5,0.625,11.75],"texture":"#0"},"down":{"uv":[0.375,8.5,0.625,11.75],"texture":"#0"}}},{"from":[5,6.5,-5],"to":[7,7.5,21],"rotation":{"angle":45,"axis":"z","origin":[7,13,1]},"faces":{"north":{"uv":[0.625,8.625,0.375,8.5],"texture":"#0"},"east":{"uv":[0.5,11.75,0.625,8.5],"rotation":90,"texture":"#0"},"south":{"uv":[0.375,8.625,0.625,8.5],"texture":"#0"},"west":{"uv":[0.375,8.5,0.5,11.75],"rotation":90,"texture":"#0"},"up":{"uv":[0.375,11.75,0.625,8.5],"texture":"#0"},"down":{"uv":[0.375,8.5,0.625,11.75],"texture":"#0"}}},{"from":[18,11,-5],"to":[20,12,21],"rotation":{"angle":-45,"axis":"z","origin":[7,13,15]},"faces":{"north":{"uv":[0.375,8.625,0.625,8.5],"texture":"#0"},"east":{"uv":[0.375,8.5,0.5,11.75],"rotation":90,"texture":"#0"},"south":{"uv":[0.625,8.5,0.375,8.625],"texture":"#0"},"west":{"uv":[0.5,11.75,0.625,8.5],"rotation":90,"texture":"#0"},"up":{"uv":[0.625,8.5,0.375,11.75],"texture":"#0"},"down":{"uv":[0.625,8.5,0.375,11.75],"texture":"#0"}}},{"from":[14,8,4],"to":[14,14,12],"rotation":{"angle":0,"axis":"y","origin":[16,0,0]},"faces":{"north":{"uv":[0,0,0,0.75],"texture":"#missing"},"east":{"uv":[3.625,6.625,2.625,7.375],"texture":"#0"},"south":{"uv":[0,0,0,0.75],"texture":"#missing"},"west":{"uv":[3.625,6.625,2.625,7.375],"texture":"#0"},"up":{"uv":[0,0,0,1],"texture":"#missing"},"down":{"uv":[0,0,0,1],"texture":"#missing"}}},{"from":[2,8,4],"to":[2,14,12],"faces":{"north":{"uv":[0,0,0,0.75],"texture":"#missing"},"east":{"uv":[2.625,6.625,3.625,7.375],"texture":"#0"},"south":{"uv":[0,0,0,0.75],"texture":"#missing"},"west":{"uv":[2.625,6.625,3.625,7.375],"texture":"#0"},"up":{"uv":[0,0,0,1],"texture":"#missing"},"down":{"uv":[0,0,0,1],"texture":"#missing"}}}],"display":{"thirdperson_righthand":{"rotation":[45,25,0],"translation":[0,3,1.5],"scale":[0.3,0.3,0.3]},"thirdperson_lefthand":{"rotation":[45,25,0],"translation":[0,3,1.5],"scale":[0.3,0.3,0.3]},"firstperson_righthand":{"rotation":[0,14,0],"translation":[2.25,2.5,0],"scale":[0.5,0.5,0.5]},"firstperson_lefthand":{"rotation":[0,14,0],"translation":[2.25,2.5,0],"scale":[0.5,0.5,0.5]},"ground":{"translation":[0,0.75,0],"scale":[0.3,0.3,0.3]},"gui":{"rotation":[30,135,0],"translation":[0,-1.75,0],"scale":[0.4,0.4,0.4]},"head":{"translation":[0,-30.5,0],"scale":[1.6,1.6,1.6]},"fixed":{"rotation":[-90,0,0],"translation":[0,0,-16],"scale":[2,2,2]}}}