{"sources":[{"type":"single","resource":"juicy_fruity:avocado_backpack"},{"type":"single","resource":"hat_pack_2:football_helmet_green"},{"type":"single","resource":"hat_pack_2:roman_helmet"},{"type":"single","resource":"medieval_rpg:feather_plant"},{"type":"single","resource":"medieval_rpg:makeshift_tent"},{"type":"single","resource":"medieval_rpg:fancy_table"},{"type":"single","resource":"juicy_fruity:watermelon_hammer"},{"type":"single","resource":"juicy_fruity:watermelon_helmet"},{"type":"single","resource":"_iainternal:icons/icon_left_blue"},{"type":"single","resource":"hat_pack_2:knight_helmet_green"},{"type":"single","resource":"hat_pack_2:ballcap_red"},{"type":"single","resource":"medieval_rpg:banner"},{"type":"single","resource":"medieval_rpg:shrub"},{"type":"single","resource":"hat_pack_2:football_helmet_blue"},{"type":"single","resource":"juicy_fruity:grape_backpack"},{"type":"single","resource":"medieval_rpg:hanging_shield"},{"type":"single","resource":"juicy_fruity:strawberry_staff"},{"type":"single","resource":"_iainternal:icons/icon_next_orange"},{"type":"single","resource":"hat_pack_2:knight_helmet_red"},{"type":"single","resource":"medieval_rpg:flower_vase"},{"type":"single","resource":"medieval_rpg:flower_pot"},{"type":"single","resource":"medieval_rpg:wine_bottle"},{"type":"single","resource":"hat_pack_2:umbrella_hat"},{"type":"single","resource":"medieval_rpg:ferns"},{"type":"single","resource":"medieval_rpg:board"},{"type":"single","resource":"medieval_rpg:apple"},{"type":"single","resource":"juicy_fruity:strawberry_helmet"},{"type":"single","resource":"medieval_rpg:feather_plant_tall"},{"type":"single","resource":"medieval_rpg:bottles"},{"type":"single","resource":"medieval_rpg:yellow_flower"},{"type":"single","resource":"medieval_rpg:red_flower"},{"type":"single","resource":"medieval_rpg:sack"},{"type":"single","resource":"medieval_rpg:double_pallet"},{"type":"single","resource":"medieval_rpg:blueberry_bush"},{"type":"single","resource":"hat_pack_2:ballcap_blue"},{"type":"single","resource":"medieval_rpg:makeshift_hut"},{"type":"single","resource":"juicy_fruity:grape_pistol"},{"type":"single","resource":"medieval_rpg:hanging_sword"},{"type":"single","resource":"medieval_rpg:makeshift_blanket"},{"type":"single","resource":"_iainternal:icons/icon_cancel"},{"type":"single","resource":"hat_pack_2:viking_helmet"},{"type":"single","resource":"hat_pack_2:ballcap_green"},{"type":"single","resource":"magicstore:furnitures/lunarfurniture_v2/lunarfurniture_v2_1"},{"type":"single","resource":"_iainternal:icons/icon_back_orange"},{"type":"single","resource":"hat_pack_2:knight_helmet_blue"},{"type":"single","resource":"juicy_fruity:strawberry_backpack"},{"type":"single","resource":"magicstore:furnitures/lunarfurniture_v2/lunarfurniture_v2_28"},{"type":"single","resource":"_iainternal:icons/icon_arrow_chest"},{"type":"single","resource":"medieval_rpg:adventurers_belongings"},{"type":"single","resource":"medieval_rpg:wooden_bench"},{"type":"single","resource":"hat_pack_2:football_helmet_red"},{"type":"single","resource":"juicy_fruity:orange_dagger"},{"type":"single","resource":"_iainternal:icons/icon_search"},{"type":"single","resource":"medieval_rpg:fancy_chair"},{"type":"single","resource":"_iainternal:icons/icon_right_blue"},{"type":"single","resource":"juicy_fruity:avocado_shield"},{"type":"single","resource":"juicy_fruity:avocado_helmet"},{"type":"single","resource":"hat_pack_2:space_helmet_blue"},{"type":"single","resource":"medieval_rpg:lamppost"},{"type":"single","resource":"juicy_fruity:watermelon_backpack"},{"type":"single","resource":"medieval_rpg:open_sack"},{"type":"single","resource":"medieval_rpg:fiddleheads"},{"type":"single","resource":"juicy_fruity:orange_helmet"},{"type":"single","resource":"hat_pack_2:graduation_cap"},{"type":"single","resource":"medieval_rpg:announcement_board"},{"type":"single","resource":"magicstore:furnitures/lunarfurniture_v2/lunarfurniture_v2_13"},{"type":"single","resource":"medieval_rpg:archery_target"},{"type":"single","resource":"juicy_fruity:orange_backpack"},{"type":"single","resource":"juicy_fruity:grape_helmet"},{"type":"single","resource":"hat_pack_2:space_helmet_orange"}]}