{"credit":"MadewithBlockbenchbyyungwilder","textures":{"0":"hat_pack_2:ballcap_green","particle":"hat_pack_2:ballcap_green"},"elements":[{"from":[4,0,4],"to":[12,3,12],"rotation":{"angle":22.5,"axis":"x","origin":[8,1.49,5.605]},"faces":{"north":{"uv":[8,0,16,3],"texture":"#0"},"east":{"uv":[8,3,16,6],"texture":"#0"},"south":{"uv":[8,6,16,9],"texture":"#0"},"west":{"uv":[8,9,16,12],"texture":"#0"},"up":{"uv":[8,8,0,0],"texture":"#0"}}},{"from":[7.5,3,7.5],"to":[8.5,4,8.5],"rotation":{"angle":22.5,"axis":"x","origin":[8,1.49,5.605]},"faces":{"north":{"uv":[0,13,1,14],"texture":"#0"},"east":{"uv":[1,13,2,14],"texture":"#0"},"south":{"uv":[2,13,3,14],"texture":"#0"},"west":{"uv":[3,13,4,14],"texture":"#0"},"up":{"uv":[5,14,4,13],"texture":"#0"},"down":{"uv":[6,13,5,14],"texture":"#0"}}},{"from":[4,0,0],"to":[12,1,4],"rotation":{"angle":22.5,"axis":"x","origin":[8,1.49,5.605]},"faces":{"north":{"uv":[0,12,8,13],"texture":"#0"},"east":{"uv":[8,12,12,13],"texture":"#0"},"west":{"uv":[12,12,16,13],"texture":"#0"},"up":{"uv":[8,12,0,8],"texture":"#0"}}},{"from":[11.975,-0.025,4.025],"to":[4.025,2.95,11.975],"rotation":{"angle":22.5,"axis":"x","origin":[8,1.49,5.605]},"faces":{"north":{"uv":[8,0,16,3],"texture":"#0"},"east":{"uv":[8,3,16,6],"texture":"#0"},"south":{"uv":[8,6,16,9],"texture":"#0"},"west":{"uv":[8,9,16,12],"texture":"#0"},"up":{"uv":[8,8,0,0],"texture":"#0"}}},{"from":[11.975,0,0.025],"to":[4.025,0.975,4.025],"rotation":{"angle":22.5,"axis":"x","origin":[8,1.49,5.605]},"faces":{"north":{"uv":[0,12,8,13],"texture":"#0"},"east":{"uv":[8,12,12,13],"texture":"#0"},"west":{"uv":[12,12,16,13],"texture":"#0"},"up":{"uv":[8,12,0,8],"texture":"#0"}}}],"gui_light":"front","display":{"thirdperson_righthand":{"rotation":[0,-180,0],"translation":[0,4,0],"scale":[0.5,0.5,0.5]},"thirdperson_lefthand":{"rotation":[0,-180,0],"translation":[0,4,0],"scale":[0.5,0.5,0.5]},"firstperson_righthand":{"rotation":[-50,-65,-40],"translation":[0,6,0],"scale":[0.5,0.5,0.5]},"firstperson_lefthand":{"rotation":[-50,-65,-40],"translation":[0,6,0],"scale":[0.5,0.5,0.5]},"ground":{"rotation":[-50,0,0],"translation":[0,2,0],"scale":[0.5,0.5,0.5]},"gui":{"rotation":[0,45,15],"translation":[0,5,0],"scale":[0.9,0.9,0.9]},"head":{"rotation":[35,-180,0],"translation":[0,17.75,8.25],"scale":[1.94,1.94,1.94]},"fixed":{"rotation":[40,-180,0],"translation":[0,10,0.5],"scale":[1.5,1.5,1.5]}}}