{"credit":"MadewithBlockbenchbyyungwilder","texture_size":[32,32],"textures":{"0":"hat_pack_2:football_helmet_blue","particle":"hat_pack_2:football_helmet_blue"},"elements":[{"from":[3.5,0,3.5],"to":[12.5,9,12.5],"faces":{"north":{"uv":[0,0,4.5,4.5],"texture":"#0"},"east":{"uv":[9,0,4.5,4.5],"texture":"#0"},"south":{"uv":[0,4.5,4.5,9],"texture":"#0"},"west":{"uv":[4.5,0,9,4.5],"texture":"#0"},"up":{"uv":[9,9,4.5,4.5],"texture":"#0"},"down":{"uv":[4.5,9,0,13.5],"texture":"#0"}}},{"from":[12.475,0.025,3.525],"to":[3.525,8.975,12.475],"faces":{"north":{"uv":[0,0,4.5,4.5],"texture":"#0"},"east":{"uv":[13.5,3.5,9,8],"texture":"#0"},"south":{"uv":[9,8,13.5,12.5],"texture":"#0"},"west":{"uv":[9,3.5,13.5,8],"texture":"#0"},"up":{"uv":[13.5,12.5,9,8],"texture":"#0"},"down":{"uv":[4.5,9,0,13.5],"texture":"#0"}}},{"from":[3,0,2],"to":[13,7,9],"faces":{"north":{"uv":[9,0,14,3.5],"texture":"#0"},"east":{"uv":[8,9,4.5,12.5],"texture":"#0"},"west":{"uv":[4.5,9,8,12.5],"texture":"#0"}}},{"from":[12.95,0,2.025],"to":[3.05,7,8.975],"rotation":{"angle":0,"axis":"y","origin":[16,0,0]},"faces":{"north":{"uv":[14,0,9,3.5],"texture":"#0"},"east":{"uv":[8,9,4.5,12.5],"texture":"#0"},"west":{"uv":[4.5,9,8,12.5],"texture":"#0"}}}],"gui_light":"front","display":{"thirdperson_righthand":{"rotation":[65,0,0],"translation":[0,3,3],"scale":[0.5,0.5,0.5]},"thirdperson_lefthand":{"rotation":[65,0,0],"translation":[0,3,3],"scale":[0.5,0.5,0.5]},"firstperson_righthand":{"rotation":[0,125,0],"translation":[0,5.5,0],"scale":[0.5,0.5,0.5]},"firstperson_lefthand":{"rotation":[0,125,0],"translation":[0,5.5,0],"scale":[0.5,0.5,0.5]},"ground":{"translation":[0,2,0],"scale":[0.5,0.5,0.5]},"gui":{"rotation":[15,-135,0],"translation":[-0.5,3,0],"scale":[0.9,0.9,0.9]},"head":{"translation":[0,6,0],"scale":[1.71,1.71,1.71]},"fixed":{"translation":[0,5,-7],"scale":[1.5,1.5,1.5]}}}