{"credit":"MadewithBlockbenchbyyungwilder","texture_size":[32,32],"textures":{"0":"hat_pack_2:graduation_cap","particle":"hat_pack_2:graduation_cap"},"elements":[{"from":[4,0,4],"to":[12,4,12],"rotation":{"angle":0,"axis":"y","origin":[0,-1,0]},"faces":{"north":{"uv":[7,4,11,6],"texture":"#0"},"east":{"uv":[7,4,11,6],"texture":"#0"},"south":{"uv":[7,4,11,6],"texture":"#0"},"west":{"uv":[7,4,11,6],"texture":"#0"},"down":{"uv":[11,0,7,4],"texture":"#0"}}},{"from":[1,3,1],"to":[15,5,15],"rotation":{"angle":45,"axis":"y","origin":[8,4,8]},"faces":{"north":{"uv":[7,10.5,14,11.5],"texture":"#0"},"east":{"uv":[7,6,14,7],"texture":"#0"},"south":{"uv":[7,10.5,14,11.5],"texture":"#0"},"west":{"uv":[7,10.5,14,11.5],"texture":"#0"},"up":{"uv":[7,7,0,0],"texture":"#0"},"down":{"uv":[7,7,0,14],"texture":"#0"}}},{"from":[7,5,7],"to":[9,6,9],"rotation":{"angle":45,"axis":"y","origin":[8,5.5,8]},"faces":{"north":{"uv":[8.5,8,9.5,8.5],"texture":"#0"},"east":{"uv":[8.5,8.5,9.5,9],"texture":"#0"},"south":{"uv":[8.5,9,9.5,9.5],"texture":"#0"},"west":{"uv":[9.5,7,10.5,7.5],"texture":"#0"},"up":{"uv":[9.5,8,8.5,7],"texture":"#0"}}},{"from":[15,-4,7],"to":[15,3,10],"rotation":{"angle":45,"axis":"y","origin":[8,5.5,8]},"faces":{"north":{"uv":[0,0,0,3.5],"texture":"#0"},"east":{"uv":[7,7,8.5,10.5],"texture":"#0"},"south":{"uv":[0,0,0,3.5],"texture":"#0"},"west":{"uv":[7,7,8.5,10.5],"texture":"#0"},"up":{"uv":[0,1.5,0,0],"texture":"#0"},"down":{"uv":[0,0,0,1.5],"texture":"#0"}}}],"gui_light":"front","display":{"thirdperson_righthand":{"rotation":[50,0,0],"translation":[0,4,0],"scale":[0.5,0.5,0.5]},"thirdperson_lefthand":{"rotation":[50,0,0],"translation":[0,4,0],"scale":[0.5,0.5,0.5]},"firstperson_righthand":{"rotation":[0,125,0],"translation":[0,5.5,0],"scale":[0.5,0.5,0.5]},"firstperson_lefthand":{"rotation":[0,125,0],"translation":[0,5.5,0],"scale":[0.5,0.5,0.5]},"ground":{"translation":[0,2,0],"scale":[0.5,0.5,0.5]},"gui":{"rotation":[15,-150,0],"translation":[0,4,0],"scale":[0.9,0.9,0.9]},"head":{"translation":[0,16.5,0],"scale":[1.81,1.81,1.81]},"fixed":{"translation":[0,7,-7],"scale":[1.5,1.5,1.5]}}}