{"credit":"MadewithBlockbenchbyyungwilder","texture_size":[64,64],"textures":{"1":"hat_pack_2:knight_helmet_red"},"elements":[{"from":[4,0,4],"to":[12,8,12],"faces":{"north":{"uv":[2.5,1.75,4.5,3.75],"texture":"#1"},"east":{"uv":[2.5,3.75,4.5,5.75],"texture":"#1"},"south":{"uv":[0,4.25,2,6.25],"texture":"#1"},"west":{"uv":[4.5,3.75,2.5,5.75],"texture":"#1"},"up":{"uv":[6.5,3.75,4.5,1.75],"texture":"#1"},"down":{"uv":[6.5,3.75,4.5,5.75],"texture":"#1"}}},{"from":[11.975,0.025,4.025],"to":[4.025,7.975,11.975],"rotation":{"angle":0,"axis":"y","origin":[16,0,0]},"faces":{"north":{"uv":[4.5,1.75,2.5,3.75],"texture":"#1"},"east":{"uv":[2.5,3.75,4.5,5.75],"texture":"#1"},"south":{"uv":[2,4.25,0,6.25],"texture":"#1"},"west":{"uv":[4.5,3.75,2.5,5.75],"texture":"#1"},"up":{"uv":[4.5,3.75,6.5,1.75],"texture":"#1"},"down":{"uv":[4.5,3.75,6.5,5.75],"texture":"#1"}}},{"from":[3.5,-1,3],"to":[12.5,2,8],"rotation":{"angle":-22.5,"axis":"x","origin":[8,0.5,5]},"faces":{"north":{"uv":[6.5,2.5,8.75,3.25],"texture":"#1"},"east":{"uv":[6.5,4,7.75,4.75],"texture":"#1"},"south":{"uv":[6.5,3.25,8.75,4],"texture":"#1"},"west":{"uv":[7.75,4,6.5,4.75],"texture":"#1"},"up":{"uv":[6.75,7,4.5,5.75],"texture":"#1"},"down":{"uv":[8.75,1.25,6.5,2.5],"texture":"#1"}}},{"from":[12.475,-0.975,3.025],"to":[3.525,1.975,7.975],"rotation":{"angle":-22.5,"axis":"x","origin":[8,0.5,5]},"faces":{"north":{"uv":[8.75,2.5,6.5,3.25],"texture":"#1"},"east":{"uv":[6.5,4,7.75,4.75],"texture":"#1"},"south":{"uv":[8.75,3.25,6.5,4],"texture":"#1"},"west":{"uv":[7.75,4,6.5,4.75],"texture":"#1"},"up":{"uv":[4.5,7,6.75,5.75],"texture":"#1"},"down":{"uv":[6.5,1.25,8.75,2.5],"texture":"#1"}}},{"from":[7,7,11],"to":[9,9,13],"rotation":{"angle":45,"axis":"x","origin":[8,8,12]},"faces":{"north":{"uv":[2,4.25,2.5,4.75],"texture":"#1"},"east":{"uv":[2,4.75,2.5,5.25],"texture":"#1"},"south":{"uv":[5,1.25,5.5,1.75],"texture":"#1"},"west":{"uv":[2,5.25,2.5,5.75],"texture":"#1"},"up":{"uv":[6,1.75,5.5,1.25],"texture":"#1"},"down":{"uv":[6.5,1.25,6,1.75],"texture":"#1"}}},{"from":[7.975,9,9],"to":[8.025,19,19],"rotation":{"angle":45,"axis":"x","origin":[8,8,12]},"faces":{"east":{"uv":[0,0,2.5,2.5],"texture":"#1"},"west":{"uv":[2.5,0,0,2.5],"texture":"#1"}}},{"from":[3,4.57926,3.11522],"to":[13,9.57926,10.11522],"rotation":{"angle":45,"axis":"x","origin":[8,7.07926,6.11522]},"faces":{"north":{"uv":[5,0,7.5,1.25],"texture":"#1"},"east":{"uv":[0,6.25,1.75,7.5],"texture":"#1"},"south":{"uv":[2,5.75,4.5,7],"texture":"#1"},"west":{"uv":[1.75,6.25,0,7.5],"texture":"#1"},"up":{"uv":[2.5,4.25,0,2.5],"texture":"#1"},"down":{"uv":[5,0,2.5,1.75],"texture":"#1"}}},{"from":[12.975,4.60426,3.14022],"to":[3.025,9.55426,10.09022],"rotation":{"angle":45,"axis":"x","origin":[8,7.07926,6.11522]},"faces":{"north":{"uv":[7.5,0,5,1.25],"texture":"#1"},"east":{"uv":[0,6.25,1.75,7.5],"texture":"#1"},"south":{"uv":[4.5,5.75,2,7],"texture":"#1"},"west":{"uv":[1.75,6.25,0,7.5],"texture":"#1"},"up":{"uv":[0,4.25,2.5,2.5],"texture":"#1"},"down":{"uv":[2.5,0,5,1.75],"texture":"#1"}}}],"gui_light":"front","display":{"thirdperson_righthand":{"rotation":[30,0,0],"translation":[0,4,1],"scale":[0.5,0.5,0.5]},"thirdperson_lefthand":{"rotation":[30,0,0],"translation":[0,4,1],"scale":[0.5,0.5,0.5]},"firstperson_righthand":{"rotation":[0,100,0],"translation":[0,5.5,0],"scale":[0.5,0.5,0.5]},"firstperson_lefthand":{"rotation":[0,100,0],"translation":[0,5.5,0],"scale":[0.5,0.5,0.5]},"ground":{"rotation":[25,0,0],"translation":[0,2,0],"scale":[0.5,0.5,0.5]},"gui":{"rotation":[15,-135,0],"translation":[1,0.5,0],"scale":[0.7,0.7,0.7]},"head":{"translation":[0,7.25,0],"scale":[1.81,1.81,1.81]},"fixed":{"rotation":[-45,0,0],"translation":[0,3,-10],"scale":[1.5,1.5,1.5]}}}