{"credit":"MadewithBlockbenchbyyungwilder","texture_size":[32,32],"textures":{"0":"hat_pack_2:space_helmet_blue","particle":"hat_pack_2:space_helmet_blue"},"elements":[{"from":[4,0,4],"to":[12,8,12],"faces":{"north":{"uv":[0,0,4,4],"texture":"#0"},"east":{"uv":[0,4,4,8],"texture":"#0"},"south":{"uv":[4,4,0,0],"texture":"#0"},"west":{"uv":[4,12,8,16],"texture":"#0"},"up":{"uv":[8,4,4,0],"texture":"#0"},"down":{"uv":[12,0,16,4],"texture":"#0"}}},{"from":[3.5,-0.5,3.5],"to":[12.5,8.5,12.5],"faces":{"north":{"uv":[4,4,8,8],"texture":"#0"},"east":{"uv":[0,12,4,16],"texture":"#0"},"south":{"uv":[8,0,12,4],"texture":"#0"},"west":{"uv":[4,8,0,12],"texture":"#0"},"up":{"uv":[8,12,4,8],"texture":"#0"},"down":{"uv":[12,4,8,8],"texture":"#0"}}},{"from":[12.475,-0.475,3.525],"to":[3.525,8.475,12.475],"rotation":{"angle":0,"axis":"y","origin":[16,0,0]},"faces":{"north":{"uv":[8,4,4,8],"texture":"#0"},"east":{"uv":[0,8,4,12],"texture":"#0"},"south":{"uv":[12,0,8,4],"texture":"#0"},"west":{"uv":[4,12,0,16],"texture":"#0"},"up":{"uv":[4,12,8,8],"texture":"#0"},"down":{"uv":[8,4,12,8],"texture":"#0"}}}],"gui_light":"front","display":{"thirdperson_righthand":{"rotation":[70,0,0],"translation":[0,3,3],"scale":[0.5,0.5,0.5]},"thirdperson_lefthand":{"rotation":[70,0,0],"translation":[0,3,3],"scale":[0.5,0.5,0.5]},"firstperson_righthand":{"rotation":[0,125,0],"translation":[0,5.5,0],"scale":[0.5,0.5,0.5]},"firstperson_lefthand":{"rotation":[0,125,0],"translation":[0,5.5,0],"scale":[0.5,0.5,0.5]},"ground":{"translation":[0,2,0],"scale":[0.5,0.5,0.5]},"gui":{"rotation":[15,-135,0],"translation":[0,4,0]},"head":{"translation":[0,7.25,0],"scale":[1.81,1.81,1.81]},"fixed":{"translation":[0,5,-7],"scale":[1.5,1.5,1.5]}}}