{"credit":"MadewithBlockbenchbyyungwilder","texture_size":[32,32],"textures":{"0":"hat_pack_2:umbrella_hat","particle":"hat_pack_2:umbrella_hat"},"elements":[{"from":[4,0,4],"to":[12,2,12],"faces":{"north":{"uv":[12,0,16,1],"texture":"#0"},"east":{"uv":[12,1,16,2],"texture":"#0"},"south":{"uv":[16,0,12,1],"texture":"#0"},"west":{"uv":[16,1,12,2],"texture":"#0"},"up":{"uv":[4,16,0,12],"texture":"#0"},"down":{"uv":[12,12,16,16],"texture":"#0"}}},{"from":[11.975,0.025,4.025],"to":[4.025,1.975,11.975],"faces":{"north":{"uv":[12,0,16,1],"texture":"#0"},"east":{"uv":[12,1,16,2],"texture":"#0"},"south":{"uv":[16,0,12,1],"texture":"#0"},"west":{"uv":[16,1,12,2],"texture":"#0"},"up":{"uv":[4,16,0,12],"texture":"#0"},"down":{"uv":[12,12,16,16],"texture":"#0"}}},{"from":[2,2,2],"to":[14,8,14],"rotation":{"angle":45,"axis":"y","origin":[8,6,8]},"faces":{"north":{"uv":[6,0,12,3],"texture":"#0"},"east":{"uv":[6,3,12,6],"texture":"#0"},"south":{"uv":[6,6,12,9],"texture":"#0"},"west":{"uv":[6,9,12,12],"texture":"#0"},"up":{"uv":[6,6,0,0],"texture":"#0"},"down":{"uv":[6,6,0,12],"texture":"#0"}}},{"from":[2.025,2.025,13.975],"to":[13.975,7.975,2.025],"rotation":{"angle":-45,"axis":"y","origin":[8,5,8]},"faces":{"north":{"uv":[12,9,6,12],"texture":"#0"},"east":{"uv":[12,6,6,9],"texture":"#0"},"south":{"uv":[12,3,6,6],"texture":"#0"},"west":{"uv":[12,0,6,3],"texture":"#0"},"up":{"uv":[0,6,6,0],"rotation":270,"texture":"#0"},"down":{"uv":[0,6,6,12],"rotation":90,"texture":"#0"}}},{"from":[7,8,7],"to":[9,9,9],"rotation":{"angle":45,"axis":"y","origin":[8,6,8]},"faces":{"north":{"uv":[12,6,13,6.5],"texture":"#0"},"east":{"uv":[6.5,12,7.5,12.5],"texture":"#0"},"south":{"uv":[12,6.5,13,7],"texture":"#0"},"west":{"uv":[12,7,13,7.5],"texture":"#0"},"up":{"uv":[5.5,13,4.5,12],"texture":"#0"},"down":{"uv":[6.5,12,5.5,13],"texture":"#0"}}},{"from":[12,0,7.5],"to":[12,8,8.5],"rotation":{"angle":0,"axis":"y","origin":[0,-2,0]},"faces":{"north":{"uv":[0,0,0,4],"texture":"#0"},"east":{"uv":[12,2,12.5,6],"texture":"#0"},"south":{"uv":[0,0,0,4],"texture":"#0"},"west":{"uv":[4,12,4.5,16],"texture":"#0"},"up":{"uv":[0,0.5,0,0],"texture":"#0"},"down":{"uv":[0,0,0,0.5],"texture":"#0"}}},{"from":[4,0,7.5],"to":[4,8,8.5],"rotation":{"angle":0,"axis":"y","origin":[16,-2,0]},"faces":{"north":{"uv":[0,0,0,4],"texture":"#0"},"east":{"uv":[4.5,12,4,16],"texture":"#0"},"south":{"uv":[0,0,0,4],"texture":"#0"},"west":{"uv":[12.5,2,12,6],"texture":"#0"},"up":{"uv":[0,0.5,0,0],"texture":"#0"},"down":{"uv":[0,0,0,0.5],"texture":"#0"}}}],"gui_light":"front","display":{"thirdperson_righthand":{"translation":[0,4,0],"scale":[0.5,0.5,0.5]},"thirdperson_lefthand":{"translation":[0,4,0],"scale":[0.5,0.5,0.5]},"firstperson_righthand":{"rotation":[0,125,0],"translation":[0,5.5,0],"scale":[0.5,0.5,0.5]},"firstperson_lefthand":{"rotation":[0,125,0],"translation":[0,5.5,0],"scale":[0.5,0.5,0.5]},"ground":{"translation":[0,2,0],"scale":[0.5,0.5,0.5]},"gui":{"rotation":[15,-180,0],"translation":[0,3,0],"scale":[0.8,0.8,0.8]},"head":{"translation":[0,16,0],"scale":[1.81,1.81,1.81]},"fixed":{"translation":[0,5,-7],"scale":[1.5,1.5,1.5]}}}