{"credit":"MadewithBlockbenchbyyungwilder","texture_size":[32,32],"textures":{"0":"hat_pack_2:viking_helmet","particle":"hat_pack_2:viking_helmet"},"elements":[{"from":[4,2,4],"to":[12,5,12],"faces":{"north":{"uv":[6.5,7,10.5,8.5],"texture":"#0"},"east":{"uv":[6.5,8.5,10.5,10],"texture":"#0"},"south":{"uv":[6.5,7,10.5,8.5],"texture":"#0"},"west":{"uv":[6.5,8.5,10.5,10],"texture":"#0"},"up":{"uv":[9,4,5,0],"texture":"#0"}}},{"from":[6.5,2,3.75],"to":[9.5,5.25,12.25],"faces":{"north":{"uv":[10,3,11.5,4.5],"texture":"#0"},"south":{"uv":[10,4.5,11.5,6],"texture":"#0"},"up":{"uv":[6.5,11,5,7],"texture":"#0"}}},{"from":[6.5,-4,3],"to":[9.5,-1,3.025],"faces":{"north":{"uv":[9.5,10,11,11.5],"texture":"#0"},"south":{"uv":[10.5,6,12,7.5],"texture":"#0"}}},{"from":[8.67842,6.22053,6.5],"to":[12.67842,9.22053,9.5],"rotation":{"angle":45,"axis":"z","origin":[15.55342,7.84553,8]},"faces":{"north":{"uv":[9,0,11,1.5],"texture":"#0"},"east":{"uv":[6.5,10,8,11.5],"texture":"#0"},"south":{"uv":[9,1.5,11,3],"texture":"#0"},"west":{"uv":[8,10,9.5,11.5],"texture":"#0"},"up":{"uv":[2,11.5,0,10],"texture":"#0"},"down":{"uv":[4,10,2,11.5],"texture":"#0"}}},{"from":[12.67842,6.72053,7],"to":[15.67842,8.72053,9],"rotation":{"angle":45,"axis":"z","origin":[15.55342,7.84553,8]},"faces":{"north":{"uv":[11,2,12.5,3],"texture":"#0"},"east":{"uv":[9,3,10,4],"texture":"#0"},"south":{"uv":[11,9.5,12.5,10.5],"texture":"#0"},"west":{"uv":[1.5,11.5,2.5,12.5],"texture":"#0"},"up":{"uv":[12.5,11.5,11,10.5],"texture":"#0"},"down":{"uv":[1.5,11.5,0,12.5],"texture":"#0"}}},{"from":[13.67842,8.72053,7],"to":[15.67842,12.72053,9],"rotation":{"angle":45,"axis":"z","origin":[15.55342,7.84553,8]},"faces":{"north":{"uv":[4,10,5,12],"texture":"#0"},"east":{"uv":[10.5,7.5,11.5,9.5],"texture":"#0"},"south":{"uv":[11,0,12,2],"texture":"#0"},"west":{"uv":[5,11,6,13],"texture":"#0"},"up":{"uv":[3.5,12.5,2.5,11.5],"texture":"#0"},"down":{"uv":[12.5,3,11.5,4],"texture":"#0"}}},{"from":[15.67842,10.72053,7],"to":[17.67842,12.72053,9],"rotation":{"angle":45,"axis":"z","origin":[15.55342,7.84553,8]},"faces":{"north":{"uv":[11.5,4,12.5,5],"texture":"#0"},"east":{"uv":[11.5,5,12.5,6],"texture":"#0"},"south":{"uv":[6,11.5,7,12.5],"texture":"#0"},"west":{"uv":[7,11.5,8,12.5],"texture":"#0"},"up":{"uv":[12.5,8.5,11.5,7.5],"texture":"#0"},"down":{"uv":[9,11.5,8,12.5],"texture":"#0"}}},{"from":[-1.67842,10.72053,7],"to":[0.32158,12.72053,9],"rotation":{"angle":-45,"axis":"z","origin":[0.44658,7.84553,8]},"faces":{"north":{"uv":[12.5,4,11.5,5],"texture":"#0"},"east":{"uv":[8,11.5,7,12.5],"texture":"#0"},"south":{"uv":[7,11.5,6,12.5],"texture":"#0"},"west":{"uv":[12.5,5,11.5,6],"texture":"#0"},"up":{"uv":[11.5,8.5,12.5,7.5],"texture":"#0"},"down":{"uv":[8,11.5,9,12.5],"texture":"#0"}}},{"from":[0.32158,8.72053,7],"to":[2.32158,12.72053,9],"rotation":{"angle":-45,"axis":"z","origin":[0.44658,7.84553,8]},"faces":{"north":{"uv":[5,10,4,12],"texture":"#0"},"east":{"uv":[6,11,5,13],"texture":"#0"},"south":{"uv":[12,0,11,2],"texture":"#0"},"west":{"uv":[11.5,7.5,10.5,9.5],"texture":"#0"},"up":{"uv":[2.5,12.5,3.5,11.5],"texture":"#0"},"down":{"uv":[11.5,3,12.5,4],"texture":"#0"}}},{"from":[0.32158,6.72053,7],"to":[3.32158,8.72053,9],"rotation":{"angle":-45,"axis":"z","origin":[0.44658,7.84553,8]},"faces":{"north":{"uv":[12.5,2,11,3],"texture":"#0"},"east":{"uv":[2.5,11.5,1.5,12.5],"texture":"#0"},"south":{"uv":[12.5,9.5,11,10.5],"texture":"#0"},"west":{"uv":[10,3,9,4],"texture":"#0"},"up":{"uv":[11,11.5,12.5,10.5],"texture":"#0"},"down":{"uv":[0,11.5,1.5,12.5],"texture":"#0"}}},{"from":[3.32158,6.22053,6.5],"to":[7.32158,9.22053,9.5],"rotation":{"angle":-45,"axis":"z","origin":[0.44658,7.84553,8]},"faces":{"north":{"uv":[11,0,9,1.5],"texture":"#0"},"east":{"uv":[9.5,10,8,11.5],"texture":"#0"},"south":{"uv":[11,1.5,9,3],"texture":"#0"},"west":{"uv":[8,10,6.5,11.5],"texture":"#0"},"up":{"uv":[0,11.5,2,10],"texture":"#0"},"down":{"uv":[2,10,4,11.5],"texture":"#0"}}},{"from":[3,-1,3],"to":[13,2,13],"faces":{"north":{"uv":[5,4,10,5.5],"texture":"#0"},"east":{"uv":[5,5.5,10,7],"texture":"#0"},"south":{"uv":[5,4,10,5.5],"texture":"#0"},"west":{"uv":[5,5.5,10,7],"texture":"#0"},"up":{"uv":[5,5,0,0],"texture":"#0"},"down":{"uv":[5,5,0,10],"texture":"#0"}}}],"gui_light":"front","display":{"thirdperson_righthand":{"rotation":[35,0,0],"translation":[0,4,0],"scale":[0.5,0.5,0.5]},"thirdperson_lefthand":{"rotation":[35,0,0],"translation":[0,4,0],"scale":[0.5,0.5,0.5]},"firstperson_righthand":{"rotation":[0,125,0],"translation":[0,5.5,0],"scale":[0.5,0.5,0.5]},"firstperson_lefthand":{"rotation":[0,125,0],"translation":[0,5.5,0],"scale":[0.5,0.5,0.5]},"ground":{"rotation":[25,0,0],"translation":[0,2,0],"scale":[0.5,0.5,0.5]},"gui":{"rotation":[15,-135,0],"translation":[0,2.5,0],"scale":[0.8,0.8,0.8]},"head":{"translation":[0,17.5,0],"scale":[1.71,1.71,1.71]},"fixed":{"translation":[0,5,-7],"scale":[1.5,1.5,1.5]}}}