{"credit":"Made with Blockbench","ambientocclusion":false,"textures":{"1":"medieval_rpg:blueberry_bush"},"elements":[{"from":[0.9,0,8.3],"to":[15.3,16,8.3],"shade":false,"rotation":{"angle":45,"axis":"y","origin":[8,8,8],"rescale":true},"faces":{"north":{"uv":[0,0,16,16],"texture":"#1"},"east":{"uv":[0,0,0,16],"texture":"#1"},"south":{"uv":[0,0,16,16],"texture":"#1"},"west":{"uv":[0,0,0,16],"texture":"#1"},"up":{"uv":[14.4,0,0,0],"texture":"#1"},"down":{"uv":[14.4,0,0,0],"texture":"#1"}}},{"from":[8.1,0,1.1],"to":[8.1,16,15.5],"shade":false,"rotation":{"angle":45,"axis":"y","origin":[8,8,8],"rescale":true},"faces":{"north":{"uv":[0,0,0,16],"texture":"#1"},"east":{"uv":[0,0,16,16],"texture":"#1"},"south":{"uv":[0,0,0,16],"texture":"#1"},"west":{"uv":[0,0,16,16],"texture":"#1"},"up":{"uv":[0,14.4,0,0],"texture":"#1"},"down":{"uv":[0,0,0,14.4],"texture":"#1"}}}],"gui_light":"front","display":{"thirdperson_righthand":{"rotation":[75,45,0],"translation":[0,2.5,0],"scale":[0.375,0.375,0.375]},"thirdperson_lefthand":{"rotation":[75,45,0],"translation":[0,2.5,0],"scale":[0.375,0.375,0.375]},"firstperson_righthand":{"rotation":[0,100,0],"scale":[0.4,0.4,0.4]},"firstperson_lefthand":{"rotation":[0,100,0],"scale":[0.4,0.4,0.4]},"ground":{"translation":[0,-0.5,0],"scale":[0.25,0.25,0.25]},"gui":{"rotation":[30,-134,0],"translation":[0,-2.5,0],"scale":[0.39258,0.65,0.39258]},"fixed":{"translation":[0,21,0],"scale":[2.6,2.6,2.6]}}}