{"credit":"Made with Blockbench","texture_size":[256,256],"textures":{"1":"medieval_rpg:double_pallet","particle":"medieval_rpg:double_pallet"},"elements":[{"from":[-15,3,-4],"to":[30,6,2],"rotation":{"angle":0,"axis":"y","origin":[-3.5,0,-4]},"faces":{"north":{"uv":[4.875,4.1875,7.6875,4.375],"texture":"#1"},"east":{"uv":[3.875,3.0625,4.25,3.25],"texture":"#1"},"south":{"uv":[5.5,1,8.3125,1.1875],"texture":"#1"},"west":{"uv":[4.25,3.0625,4.625,3.25],"texture":"#1"},"up":{"uv":[6.6875,2.6875,3.875,2.3125],"texture":"#1"},"down":{"uv":[6.6875,2.6875,3.875,3.0625],"texture":"#1"}}},{"from":[-8.5,0,-9.5],"to":[-2.5,3,25.5],"rotation":{"angle":0,"axis":"y","origin":[-3.5,0,20]},"faces":{"north":{"uv":[1.5625,6.5625,1.1875,6.75],"texture":"#1"},"east":{"uv":[8.875,2.3125,6.6875,2.5],"texture":"#1"},"south":{"uv":[1.1875,6.5625,0.8125,6.75],"texture":"#1"},"west":{"uv":[8.875,2.5,6.6875,2.6875],"texture":"#1"},"up":{"uv":[3.375,4.4375,3,6.625],"texture":"#1"},"down":{"uv":[3.375,6.625,3,4.4375],"texture":"#1"}}},{"from":[18.5,0,-9.5],"to":[24.5,3,25.5],"rotation":{"angle":0,"axis":"y","origin":[19.5,0,-4]},"faces":{"north":{"uv":[1.1875,6.5625,0.8125,6.75],"texture":"#1"},"east":{"uv":[8.875,2.5,6.6875,2.6875],"texture":"#1"},"south":{"uv":[1.5625,6.5625,1.1875,6.75],"texture":"#1"},"west":{"uv":[8.875,2.3125,6.6875,2.5],"texture":"#1"},"up":{"uv":[3,6.625,3.375,4.4375],"texture":"#1"},"down":{"uv":[3,4.4375,3.375,6.625],"texture":"#1"}}},{"from":[-14.5,3,2],"to":[30.5,6,8],"rotation":{"angle":0,"axis":"y","origin":[-3.5,0,-4]},"faces":{"north":{"uv":[7.0625,6.0625,9.875,6.25],"texture":"#1"},"east":{"uv":[2.3125,6.5625,2.6875,6.75],"texture":"#1"},"south":{"uv":[7.0625,6.25,9.875,6.4375],"texture":"#1"},"west":{"uv":[0.8125,6.75,1.1875,6.9375],"texture":"#1"},"up":{"uv":[7.3125,4.8125,4.5,4.4375],"texture":"#1"},"down":{"uv":[7.3125,4.8125,4.5,5.1875],"texture":"#1"}}},{"from":[-13,3,8],"to":[32,6,14],"rotation":{"angle":0,"axis":"y","origin":[19.5,0,-4]},"faces":{"north":{"uv":[7.0625,6.4375,9.875,6.625],"texture":"#1"},"east":{"uv":[1.1875,6.75,1.5625,6.9375],"texture":"#1"},"south":{"uv":[7.0625,6.625,9.875,6.8125],"texture":"#1"},"west":{"uv":[1.5625,6.75,1.9375,6.9375],"texture":"#1"},"up":{"uv":[7.6875,1.5625,4.875,1.1875],"texture":"#1"},"down":{"uv":[7.6875,1.5625,4.875,1.9375],"texture":"#1"}}},{"from":[-14.5,3,14],"to":[30.5,6,20],"rotation":{"angle":0,"axis":"y","origin":[19.5,0,-4]},"faces":{"north":{"uv":[7.0625,6.8125,9.875,7],"texture":"#1"},"east":{"uv":[1.9375,6.75,2.3125,6.9375],"texture":"#1"},"south":{"uv":[7.0625,7,9.875,7.1875],"texture":"#1"},"west":{"uv":[2.3125,6.75,2.6875,6.9375],"texture":"#1"},"up":{"uv":[7.6875,2.3125,4.875,1.9375],"texture":"#1"},"down":{"uv":[7.6875,3.0625,4.875,3.4375],"texture":"#1"}}},{"from":[7.5,6,0],"to":[23.5,22,16],"rotation":{"angle":0,"axis":"y","origin":[-1.5,0,1]},"faces":{"north":{"uv":[4.5,5.1875,5.5,6.1875],"texture":"#1"},"east":{"uv":[5.5,0,6.5,1],"texture":"#1"},"south":{"uv":[5.5,5.1875,6.5,6.1875],"texture":"#1"},"west":{"uv":[0,5.5625,1,6.5625],"texture":"#1"},"up":{"uv":[2,6.5625,1,5.5625],"texture":"#1"},"down":{"uv":[3,5.5625,2,6.5625],"texture":"#1"}}},{"from":[-7.5,6,1],"to":[5.5,22,15],"rotation":{"angle":0,"axis":"y","origin":[-4.5,14,8]},"faces":{"north":{"uv":[6.25,6.1875,7.0625,7.1875],"texture":"#1"},"east":{"uv":[4.5,6.1875,5.375,7.1875],"texture":"#1"},"south":{"uv":[6.5,0,7.3125,1],"texture":"#1"},"west":{"uv":[5.375,6.1875,6.25,7.1875],"texture":"#1"},"up":{"uv":[7.3125,6.0625,6.5,5.1875],"texture":"#1"},"down":{"uv":[0.8125,6.5625,0,7.4375],"texture":"#1"}}},{"from":[-7.6,4.01,-0.1],"to":[23.55,22.01,-0.1],"rotation":{"angle":0,"axis":"y","origin":[8,22.01,0]},"faces":{"north":{"uv":[0,0,1.9375,1.125],"texture":"#1"},"east":{"uv":[0,0,0,1.125],"texture":"#1"},"south":{"uv":[0,1.125,1.9375,2.25],"texture":"#1"},"west":{"uv":[0,0,0,1.125],"texture":"#1"},"up":{"uv":[1.9375,0,0,0],"texture":"#1"},"down":{"uv":[1.9375,0,0,0],"texture":"#1"}}},{"from":[-7.6,22.01,-0.1],"to":[23.6,22.01,16.1],"rotation":{"angle":0,"axis":"y","origin":[-1.4,0,-1]},"faces":{"north":{"uv":[0,0,1.9375,0],"texture":"#1"},"east":{"uv":[0,0,1,0],"texture":"#1"},"south":{"uv":[0,0,1.9375,0],"texture":"#1"},"west":{"uv":[0,0,1,0],"texture":"#1"},"up":{"uv":[1.9375,3.25,0,2.25],"texture":"#1"},"down":{"uv":[3.875,2.25,1.9375,3.25],"texture":"#1"}}},{"from":[-7.6,3.51,-5],"to":[-7.6,22.01,21],"rotation":{"angle":-22.5,"axis":"z","origin":[-7.6,22.01,8]},"faces":{"north":{"uv":[0,0,0,1.1875],"texture":"#1"},"east":{"uv":[0,3.25,1.625,4.4375],"texture":"#1"},"south":{"uv":[0,0,0,1.1875],"texture":"#1"},"west":{"uv":[1.625,3.25,3.25,4.4375],"texture":"#1"},"up":{"uv":[0,1.625,0,0],"texture":"#1"},"down":{"uv":[0,0,0,1.625],"texture":"#1"}}},{"from":[23.6,3.51,-5],"to":[23.6,22.01,21],"rotation":{"angle":22.5,"axis":"z","origin":[23.6,22.01,8]},"faces":{"north":{"uv":[0,0,0,1.1875],"texture":"#1"},"east":{"uv":[3.25,3.25,4.875,4.4375],"texture":"#1"},"south":{"uv":[0,0,0,1.1875],"texture":"#1"},"west":{"uv":[3.875,0,5.5,1.1875],"texture":"#1"},"up":{"uv":[0,1.625,0,0],"texture":"#1"},"down":{"uv":[0,0,0,1.625],"texture":"#1"}}},{"from":[23.6,4.01,-0.175],"to":[23.6,22.01,16.075],"rotation":{"angle":0,"axis":"y","origin":[8,22.01,0]},"faces":{"north":{"uv":[0,0,0,1.125],"texture":"#1"},"east":{"uv":[3.875,1.1875,4.875,2.3125],"texture":"#1"},"south":{"uv":[0,0,0,1.125],"texture":"#1"},"west":{"uv":[0,4.4375,1,5.5625],"texture":"#1"},"up":{"uv":[0,1,0,0],"texture":"#1"},"down":{"uv":[0,0,0,1],"texture":"#1"}}},{"from":[-7.6,4.01,-0.175],"to":[-7.6,22.01,16.075],"rotation":{"angle":0,"axis":"y","origin":[9,22.01,0]},"faces":{"north":{"uv":[0,0,0,1.125],"texture":"#1"},"east":{"uv":[1,4.4375,2,5.5625],"texture":"#1"},"south":{"uv":[0,0,0,1.125],"texture":"#1"},"west":{"uv":[2,4.4375,3,5.5625],"texture":"#1"},"up":{"uv":[0,1,0,0],"texture":"#1"},"down":{"uv":[0,0,0,1],"texture":"#1"}}},{"from":[-7.55,4.01,16.1],"to":[23.6,22.01,16.1],"rotation":{"angle":0,"axis":"y","origin":[9,22.01,16]},"faces":{"north":{"uv":[1.9375,0,3.875,1.125],"texture":"#1"},"east":{"uv":[0,0,0,1.125],"texture":"#1"},"south":{"uv":[1.9375,1.125,3.875,2.25],"texture":"#1"},"west":{"uv":[0,0,0,1.125],"texture":"#1"},"up":{"uv":[1.9375,0,0,0],"texture":"#1"},"down":{"uv":[1.9375,0,0,0],"texture":"#1"}}}],"gui_light":"front","display":{"thirdperson_righthand":{"rotation":[75,45,0],"translation":[0,2.5,0],"scale":[0.375,0.375,0.375]},"thirdperson_lefthand":{"rotation":[75,45,0],"translation":[0,2.5,0],"scale":[0.375,0.375,0.375]},"firstperson_righthand":{"rotation":[0,45,0],"scale":[0.4,0.4,0.4]},"firstperson_lefthand":{"rotation":[0,225,0],"scale":[0.4,0.4,0.4]},"ground":{"translation":[0,2,0],"scale":[0.2,0.2,0.2]},"gui":{"rotation":[18,-31,0],"translation":[0,-1,0],"scale":[0.4,0.4,0.4]},"fixed":{"rotation":[-90,0,0],"translation":[0,0,-16],"scale":[2,2,2]}}}