{"credit":"Made with Blockbench","texture_size":[64,64],"textures":{"0":"medieval_rpg:hanging_shield","particle":"medieval_rpg:hanging_shield"},"elements":[{"from":[1.5,-6,14],"to":[14.5,6,15],"shade":false,"rotation":{"angle":-45,"axis":"z","origin":[8,0,13.25]},"faces":{"north":{"uv":[0,0,3.25,3],"texture":"#0"},"east":{"uv":[2,6.5,2.25,9.5],"texture":"#0"},"south":{"uv":[0,0,3.25,3],"texture":"#0"},"west":{"uv":[2.25,6.5,2.5,9.5],"texture":"#0"},"up":{"uv":[9.5,4.25,6.25,4],"texture":"#0"},"down":{"uv":[9.5,4.25,6.25,4.5],"texture":"#0"}}},{"from":[6.5,-1.5,13],"to":[9.5,1.5,14],"shade":false,"rotation":{"angle":-45,"axis":"z","origin":[8,0,13.25]},"faces":{"north":{"uv":[6.25,4.5,7,5.25],"texture":"#0"},"east":{"uv":[7,5,7.25,5.75],"texture":"#0"},"south":{"uv":[6.25,5.25,7,6],"texture":"#0"},"west":{"uv":[5.25,7,5.5,7.75],"texture":"#0"},"up":{"uv":[7.75,6,7,5.75],"texture":"#0"},"down":{"uv":[7.75,6.5,7,6.75],"texture":"#0"}}},{"from":[6.5,-1.5,15],"to":[9.5,1.5,16],"shade":false,"rotation":{"angle":-45,"axis":"z","origin":[8,0,15.75]},"faces":{"north":{"uv":[7,5.25,6.25,6],"texture":"#0"},"east":{"uv":[7.25,5,7,5.75],"texture":"#0"},"south":{"uv":[7,4.5,6.25,5.25],"texture":"#0"},"west":{"uv":[5.5,7,5.25,7.75],"texture":"#0"},"up":{"uv":[7.75,5.75,7,6],"texture":"#0"},"down":{"uv":[7.75,6.75,7,6.5],"texture":"#0"}}},{"from":[8,-1.5,16],"to":[8,1.5,18],"shade":false,"rotation":{"angle":0,"axis":"z","origin":[8,0,15.75]},"faces":{"north":{"uv":[0,0,0.75,0],"rotation":90,"texture":"#0"},"east":{"uv":[4.75,6.5,4,7],"rotation":90,"texture":"#0"},"south":{"uv":[0,0,0.75,0],"rotation":270,"texture":"#0"},"west":{"uv":[4.75,7,4,6.5],"rotation":90,"texture":"#0"},"up":{"uv":[0.5,0,0,0],"rotation":90,"texture":"#0"},"down":{"uv":[0.5,0,0,0],"rotation":90,"texture":"#0"}}},{"from":[6.5,0,16],"to":[9.5,0,18],"shade":false,"rotation":{"angle":0,"axis":"z","origin":[8,0,15.75]},"faces":{"north":{"uv":[0.75,0,0,0],"texture":"#0"},"east":{"uv":[0.5,0,0,0],"texture":"#0"},"south":{"uv":[0.75,0,0,0],"texture":"#0"},"west":{"uv":[0.5,0,0,0],"texture":"#0"},"up":{"uv":[3.25,6.5,2.5,7],"texture":"#0"},"down":{"uv":[3.25,7,2.5,6.5],"texture":"#0"}}},{"from":[14,-6,13],"to":[16,6,16],"shade":false,"rotation":{"angle":-45,"axis":"z","origin":[8,0,13.25]},"faces":{"north":{"uv":[0,6.5,0.5,9.5],"texture":"#0"},"east":{"uv":[3.25,3,4,6],"texture":"#0"},"south":{"uv":[0.5,6.5,1,9.5],"texture":"#0"},"west":{"uv":[4,3,4.75,6],"texture":"#0"},"up":{"uv":[6,7.25,5.5,6.5],"texture":"#0"},"down":{"uv":[6.5,6.5,6,7.25],"texture":"#0"}}},{"from":[0,-6,13],"to":[2,6,16],"shade":false,"rotation":{"angle":-45,"axis":"z","origin":[8,0,13.25]},"faces":{"north":{"uv":[1,6.5,1.5,9.5],"texture":"#0"},"east":{"uv":[4.75,3,5.5,6],"texture":"#0"},"south":{"uv":[1.5,6.5,2,9.5],"texture":"#0"},"west":{"uv":[5.5,3,6.25,6],"texture":"#0"},"up":{"uv":[7,7.25,6.5,6.5],"texture":"#0"},"down":{"uv":[3,7,2.5,7.75],"texture":"#0"}}},{"from":[0,6,13],"to":[16,8,16],"shade":false,"rotation":{"angle":-45,"axis":"z","origin":[8,0,13.25]},"faces":{"north":{"uv":[0,6,4,6.5],"texture":"#0"},"east":{"uv":[3,7,3.75,7.5],"texture":"#0"},"south":{"uv":[4,6,8,6.5],"texture":"#0"},"west":{"uv":[3.75,7,4.5,7.5],"texture":"#0"},"up":{"uv":[7.25,0.75,3.25,0],"texture":"#0"},"down":{"uv":[7.25,0.75,3.25,1.5],"texture":"#0"}}},{"from":[0,-8,13],"to":[16,-6,16],"shade":false,"rotation":{"angle":-45,"axis":"z","origin":[8,0,13.25]},"faces":{"north":{"uv":[6.25,3,10.25,3.5],"texture":"#0"},"east":{"uv":[4.5,7,5.25,7.5],"texture":"#0"},"south":{"uv":[6.25,3.5,10.25,4],"texture":"#0"},"west":{"uv":[7,4.5,7.75,5],"texture":"#0"},"up":{"uv":[7.25,2.25,3.25,1.5],"texture":"#0"},"down":{"uv":[7.25,2.25,3.25,3],"texture":"#0"}}}],"gui_light":"front","display":{"ground":{"rotation":[-90,0,0],"translation":[-0.25,-2.5,-5],"scale":[0.5,0.5,0.5]},"gui":{"rotation":[0,180,0],"translation":[0,5.75,0],"scale":[0.7,0.7,0.7]},"fixed":{"translation":[0,15.5,-16],"scale":[2,2,2]}}}