{"credit":"Made with Blockbench","texture_size":[32,32],"textures":{"0":"medieval_rpg:hanging_sword","particle":"medieval_rpg:hanging_sword"},"elements":[{"from":[-2.25,-2.5,13],"to":[10.75,2.5,15],"rotation":{"angle":0,"axis":"y","origin":[8,0,14]},"faces":{"north":{"uv":[6.5,2.5,0,0],"texture":"#0"},"east":{"uv":[4,7,6.5,8],"rotation":90,"texture":"#0"},"south":{"uv":[6.5,0,0,2.5],"rotation":180,"texture":"#0"},"west":{"uv":[6.5,4,9,5],"rotation":270,"texture":"#0"},"up":{"uv":[6.5,0,13,1],"texture":"#0"},"down":{"uv":[6.5,1,13,2],"rotation":180,"texture":"#0"}}},{"from":[10.75,-4.5,12],"to":[12.75,4.5,16],"rotation":{"angle":0,"axis":"y","origin":[8,0,14]},"faces":{"north":{"uv":[1,11.5,0,7],"texture":"#0"},"east":{"uv":[4.5,5,9,7],"rotation":90,"texture":"#0"},"south":{"uv":[1,7,0,11.5],"rotation":180,"texture":"#0"},"west":{"uv":[0,5,4.5,7],"rotation":270,"texture":"#0"},"up":{"uv":[8.5,8.5,9.5,10.5],"texture":"#0"},"down":{"uv":[2,9,3,11],"rotation":180,"texture":"#0"}}},{"from":[12.75,-1,13],"to":[16.75,1,15],"rotation":{"angle":0,"axis":"y","origin":[8,0,14]},"faces":{"north":{"uv":[11,6.5,9,5.5],"texture":"#0"},"east":{"uv":[5,10,6,11],"rotation":90,"texture":"#0"},"south":{"uv":[11,5.5,9,6.5],"rotation":180,"texture":"#0"},"west":{"uv":[10,2,11,3],"rotation":270,"texture":"#0"},"up":{"uv":[9,5.5,11,6.5],"texture":"#0"},"down":{"uv":[9,5.5,11,6.5],"rotation":180,"texture":"#0"}}},{"from":[16.75,-1.5,12.5],"to":[19.75,1.5,15.5],"rotation":{"angle":0,"axis":"y","origin":[8,0,14]},"faces":{"north":{"uv":[7,10,5.5,8.5],"texture":"#0"},"east":{"uv":[8.5,2,10,3.5],"rotation":90,"texture":"#0"},"south":{"uv":[8.5,8.5,7,10],"rotation":180,"texture":"#0"},"west":{"uv":[4,8,5.5,9.5],"rotation":270,"texture":"#0"},"up":{"uv":[6.5,7,8,8.5],"texture":"#0"},"down":{"uv":[8,7,9.5,8.5],"rotation":180,"texture":"#0"}}},{"from":[-0.99784,5.49784,12.99],"to":[2.50216,8.99784,15.01],"rotation":{"angle":45,"axis":"z","origin":[8,0,14]},"faces":{"north":{"uv":[8.5,4,6.5,2],"rotation":270,"texture":"#0"},"east":{"uv":[9.5,6.5,11.5,7.5],"rotation":90,"texture":"#0"},"south":{"uv":[8.5,2,6.5,4],"rotation":270,"texture":"#0"},"west":{"uv":[9.5,8.5,11.5,9.5],"rotation":270,"texture":"#0"},"up":{"uv":[9.5,7.5,11.5,8.5],"texture":"#0"},"down":{"uv":[9.5,9.5,11.5,10.5],"rotation":180,"texture":"#0"}}}],"gui_light":"front","display":{"ground":{"rotation":[-90,0,0],"translation":[-0.25,-2.5,-5],"scale":[0.5,0.5,0.5]},"gui":{"rotation":[0,180,-52],"translation":[-4.5,3.75,0],"scale":[0.7,0.7,0.7]},"fixed":{"translation":[0,15.5,-15],"scale":[2,2,2]}}}